char,male,female
,378860,63221
ΰ,378757,51232
,378096,29518
,366515,51477
,344928,174529
,314939,114048
,314608,29055
־,299132,39621
,276918,87270
,232893,16214
ǿ,229396,6049
ƽ,225965,73650
,218754,21500
,211542,207281
,194765,36704
,194545,29893
,190382,6365
,189380,37752
,187639,8593
,178643,28527
,173682,12330
,166016,8959
,161980,36564
,160605,23886
,159913,9168
,157268,108726
,153515,36419
,147028,3556
,142220,32319
,139031,12607
С,137432,120069
,136342,60113
,132163,6934
,131965,9142
,126830,147213
,126104,17839
,124605,13700
,122044,55581
,118731,23266
,118531,6072
,118378,29473
,115428,12386
,112826,26759
,110223,11532
,109814,100157
,108502,211645
,102455,7359
,102011,19928
,100685,20164
,100017,8650
,96013,6731
,94931,6861
,91589,4431
,90646,4966
,90035,9923
,87909,10484
ѧ,86406,15516
,84077,8258
,83354,44240
,82372,16707
,82205,10896
,81292,17472
,79919,5083
ʤ,78757,7069
,77402,7691
,77237,24014
,76697,36514
,75548,112169
,74631,17769
,72095,7998
,70377,9759
,66533,11042
,64070,10604
,63380,8103
,63358,63293
,62110,6864
,61828,6317
,60620,58847
,58959,34788
,58558,2865
,57518,15380
,57335,7550
,57148,11409
,56343,10137
,56176,5132
,55720,5746
,55204,9619
,54900,67249
,54716,48604
,54264,28826
,53081,15859
,52419,4260
ɽ,51167,3362
ȫ,50282,3551
,49420,6604
,49411,7874
,46692,5243
,46641,8972
ά,46638,17870
,46281,6560
,45521,3991
,45240,9822
,44931,9701
,44883,13812
,44219,6801
,43605,2022
,43495,5230
Ԫ,42977,9915
,42554,3188
,42132,7093
,41952,17408
,41592,4686
Ӣ,41295,163414
,41284,3574
,40283,1048
Զ,39954,6499
˳,39809,5591
,39311,12223
,39174,5327
,38742,30766
,38104,1481
ѩ,38083,89886
,37815,3753
,37443,17402
,37016,20761
,36897,5602
,36653,3141
,35323,4651
ҫ,35035,3097
ϲ,34957,7935
,34900,6919
,34783,2061
,34209,15313
Ⱥ,33363,28152
,33291,53879
,33212,4435
һ,33138,11338
,33095,1994
,32929,5095
,32672,6779
,32133,10043
,31928,4280
,31827,4571
,31550,12810
Ȫ,31125,2479
,31016,9674
,30831,12084
,30756,12329
,30750,4090
Ծ,30543,4475
,30469,4701
,30422,3818
,30116,4181
,30090,165416
ɭ,30025,1837
Ȩ,30021,1126
,29782,7054
,29617,2405
,29609,6124
,29521,15680
,29378,6893
,29369,5412
,29356,97066
,29225,5372
,28967,5001
,28734,7695
,28634,32372
˧,28249,3889
,27631,13835
,27584,112286
,27581,2815
ï,27413,3248
,27301,172376
,26845,45719
,26805,2467
ʿ,26621,4530
,26567,12377
,26546,3127
˼,26333,26536
,26184,52672
,25967,6188
,25756,10445
Դ,25746,5049
,25541,167706
,25539,16053
,25437,21863
,25167,124879
,24942,3139
,24917,257288
,24859,1751
,24533,3209
,24481,27006
,24464,5021
,24155,2938
,23696,85514
,23629,17330
,23594,42407
,23502,4101
,23406,4087
,23086,944
,22914,2329
,22660,2304
,22475,3782
,22377,20532
,22277,2064
,21850,17546
,21695,3967
,21479,8820
,21467,2668
,21397,4676
,21303,1037
,21119,1958
,21076,1483
ˮ,21017,6411
,20999,9723
Ρ,20824,6454
,20519,1936
ʢ,20369,2356
,20362,388
,20264,2435
,20216,4997
,20081,10435
,19980,29743
,19943,980
,19934,90406
,19895,983
,19894,7235
ռ,19798,2100
,19666,2761
,19597,7003
˫,19581,15184
,19501,615
,19270,3827
,19198,5818
,19142,2018
,19077,20240
,19071,7840
Т,19051,3494
,18994,3031
,18906,2953
,18827,2868
,18459,14190
,18304,2668
,18259,54306
,18004,3811
,17996,2083
ҵ,17969,2313
,17846,2294
,17417,44097
Ϊ,17355,2776
,17265,578
,17261,1138
,17119,1182
,17091,4936
,17061,2871
,16966,11894
,16884,3248
,16839,1603
,16717,2871
,16656,12555
ʥ,15788,2300
ӱ,15584,54032
Ȼ,15578,9551
,15562,4908
,15508,59233
,15495,1695
ϣ,15036,6561
,15014,805
,14936,630
,14916,6701
,14835,2799
ͬ,14790,1977
,14747,78685
,14479,1772
,14471,2651
,14459,269
,14422,10667
,14420,172595
,14378,6522
,14306,9011
,14149,2806
͢,14057,2706
,14016,6261
,13991,2467
,13970,17390
,13916,1704
,13905,3784
,13570,1743
,13561,10499
,13445,59476
,13403,2759
,13234,5535
,13228,1103
,13155,2161
,12952,1584
,12863,2296
,12824,486
,12792,1801
,12716,6390
Ң,12691,1641
,12492,2253
,12364,903
,12350,1855
,12328,4475
,12323,1892
׿,12272,5968
,12255,345
,12240,6161
,12223,1972
Ƽ,12195,144144
,12147,3743
,12066,1461
,12029,1582
ѫ,11964,721
,11920,3062
,11902,10182
·,11874,4629
,11859,1298
ԣ,11802,1862
,11779,2130
,11737,1563
,11722,2025
,11720,3185
,11666,1802
,11588,7044
,11563,1700
,11552,3915
,11513,600
,11485,3635
,11453,1086
,11449,1699
,11413,887
,11343,4350
֮,11327,3667
ʯ,11244,1821
,11122,1844
̫,11058,1101
,11010,6224
÷,10924,159843
,10819,779
Ӧ,10818,2153
,10745,1847
,10594,2285
,10579,2679
,10500,3125
ز,10331,2310
,10259,3730
Խ,10200,5541
,10175,1838
,10159,1023
,10086,14210
ͨ,10015,548
,9993,580
,9982,76653
,9937,1071
,9841,11695
,9827,1663
,9745,24108
,9745,40286
,9739,7505
,9719,3857
,9675,92215
,9609,31109
,9577,1696
ǰ,9529,1139
Ǭ,9516,815
ϼ,9508,150984
,9499,756
,9475,1489
,9423,1614
,9318,619
,9225,1740
,9190,7982
ͥ,9183,1651
,9166,699
,9133,1081
,9122,8996
ľ,9029,2291
,9028,2782
,8977,113910
,8929,3230
,8885,1470
,8864,5464
,8849,2638
,8830,4592
ӭ,8799,8528
,8775,4151
,8760,1137
,8759,1875
,8757,2533
,8675,1010
,8635,2298
,8606,4527
,8600,155526
,8593,634
,8589,1640
,8587,1464
,8573,1112
,8560,2594
,8460,5441
,8338,574
¡,8308,481
,8223,8511
,8221,1616
,8206,5644
,8198,28403
Ԩ,8195,1380
,8184,1253
,8165,10450
,8122,12569
Ҷ,8116,11488
,8111,1359
̩,8111,408
,8064,641
,8038,466
ǫ,8035,1287
,7950,1737
,7883,5167
,7704,2778
ͦ,7636,440
ʫ,7579,8182
,7567,2449
,7563,61259
,7537,9647
,7524,1866
,7500,1786
,7496,208
,7470,466
,7461,98160
,7445,2196
˶,7405,2347
,7331,12887
ͮ,7296,9512
,7296,8728
չ,7289,1190
,7264,3397
,7220,1795
,7186,845
,7178,15661
,7161,3457
,7157,955
ԭ,7085,1761
Ө,7032,47749
,6983,331
Ұ,6953,1231
ӡ,6950,615
ͤ,6934,4287
,6843,5592
,6804,1080
,6801,1508
ս,6792,464
,6786,1082
³,6752,1493
,6627,1879
»,6620,571
,6520,547
,6519,4123
Ӫ,6514,1765
ʱ,6514,1417
,6452,855
,6441,990
,6436,5842
,6403,5421
,6400,89398
,6294,22091
,6289,7822
,6285,2396
,6285,727
,6272,90789
,6263,6979
,6252,641
,6224,1554
,6216,3570
,6198,1176
,6185,2783
,6176,1214
,6150,1209
,6137,34642
,6053,779
,6047,1257
԰,6023,16595
,6006,1055
,6006,3279
,6003,6190
,5992,681
,5968,1318
,5946,2384
,5920,3272
,5919,4147
,5898,490
,5896,1143
,5872,2671
,5856,1435
,5818,1676
,5817,1614
,5734,1158
Ʒ,5732,2043
,5713,2269
,5708,1816
,5675,4339
,5567,2342
,5507,4082
,5500,6762
Х,5475,723
,5419,8314
,5414,713
׳,5395,407
,5393,381
,5386,826
,5381,683
,5380,883
,5308,1875
,5299,513
˹,5289,4500
Ц,5287,8412
,5273,716
,5265,24358
,5263,680
,5243,31096
,5215,1232
,5208,613
,5203,1665
,5201,2347
,5189,27009
ε,5187,6304
,5181,693
ˬ,5160,9860
,5142,37276
,5140,1202
,5109,5007
,5107,1156
,5073,648
֥,5041,22738
,5031,1537
,5030,861
,5019,9512
,4977,43814
,4977,857
,4962,2494
,4953,1096
,4947,834
,4923,2034
,4921,942
,4919,11650
ǧ,4918,2135
,4918,1922
,4886,1259
,4881,383
,4879,5144
,4877,3818
,4870,999
,4825,1082
,4816,2477
,4810,2315
,4802,641
,4798,12704
,4766,33974
,4763,964
,4759,257
¶,4714,15158
,4690,567
,4677,893
,4675,16168
,4670,7699
,4610,930
,4601,1407
,4574,3793
,4559,4335
,4558,669
ѵ,4551,504
,4550,359
ܲ,4550,3961
,4520,2449
ٻ,4485,46113
,4481,17279
,4462,2360
,4456,738
Ч,4430,896
,4407,7311
,4397,1647
,4392,406
,4385,971
,4304,1825
Ф,4300,4469
,4226,721
,4222,658
,4196,876
,4194,5911
,4170,9479
ѡ,4160,558
,4157,673
,4128,451
,4125,539
,4085,1829
ɺ,4081,31069
,4080,54011
ͩ,4025,2538
,4021,2205
,4008,390
,4005,834
,4003,572
,3990,547
,3990,21445
,3985,1274
½,3983,983
Ӿ,3921,1271
,3868,466
ӵ,3855,367
,3855,514
,3845,159
,3818,286
,3816,543
¼,3815,414
,3768,879
,3748,498
,3740,764
ع,3737,2777
,3725,390
,3714,2098
,3712,655
,3693,2501
,3691,1191
,3648,47678
,3621,3630
,3621,1076
,3608,1748
,3596,3310
٩,3574,423
,3569,1147
,3566,652
,3548,1074
ף,3544,1288
,3541,562
,3521,13676
,3467,840
,3452,5875
,3446,403
ʵ,3422,972
,3393,832
˴,3390,624
,3384,323
,3382,452
,3373,34860
,3369,147
,3367,1238
,3359,1356
,3347,878
,3344,389
,3319,1375
,3313,337
,3298,10829
ũ,3290,361
,3289,683
ӥ,3248,1719
,3244,1800
,3242,310
,3215,2289
,3210,418
,3196,234
,3193,35211
,3182,362
,3172,7848
ͼ,3166,654
ӿ,3164,222
,3161,1262
,3142,1062
,3138,5467
,3123,1269
,3122,3578
,3118,734
,3104,9711
,3097,11775
,3094,624
,3078,384
,3077,1087
Ƚ,3072,4554
,3066,1022
,3064,4845
,3062,1548
,3030,424
֪,3016,1305
,2987,717
,2968,547
,2967,423
ϰ,2962,1421
,2949,203
,2946,6413
,2942,833
,2938,158
ӳ,2934,3804
Ǯ,2911,647
,2899,561
,2894,505
,2874,1257
,2867,477
ë,2866,1354
,2865,202
ͯ,2839,1671
,2837,294
,2803,509
,2782,154
,2777,10443
,2759,39097
,2754,3052
,2751,1418
,2737,419
,2735,422
,2730,2944
,2723,6089
,2722,363
,2710,332
,2697,414
,2697,115
,2691,207
,2688,9596
,2677,10991
,2673,45974
,2653,642
,2648,391
ޱ,2642,23329
,2635,893
,2632,425
,2624,4967
΢,2624,11877
,2620,541
ʦ,2615,703
γ,2597,545
,2588,304
,2588,468
ӽ,2578,4209
,2571,582
,2560,456
,2545,318
,2533,930
,2523,209
֦,2519,6408
,2512,1720
Բ,2512,6800
,2503,106
,2488,939
,2483,746
ϸ,2479,2071
,2465,436
,2461,876
,2451,243
,2446,1005
,2441,1961
,2437,596
,2435,544
ӯ,2400,5756
ݼ,2397,10955
,2393,555
,2381,46
,2376,1084
,2353,559
,2346,401
,2343,566
У,2336,377
,2334,365
,2332,3500
,2320,334
,2313,35470
,2308,276
Ϫ,2308,2030
,2305,439
Ѹ,2305,403
,2301,358
,2299,307
ı,2295,139
¥,2278,241
,2266,564
,2265,848
Τ,2264,1260
,2263,9208
ط,2258,423
,2258,121
,2255,169
,2232,124
,2226,1059
,2224,244
,2222,747
ܰ,2220,8932
,2202,4523
,2202,1264
,2199,329
,2198,359
,2190,420
,2189,1717
,2186,1105
,2179,2064
,2178,248
,2171,773
,2144,528
,2144,3794
,2130,1082
,2128,394
,2118,792
κ,2109,725
ʡ,2108,297
ί,2106,299
,2105,1254
,2102,1311
ͳ,2100,130
,2089,269
,2085,400
,2077,198
,2074,1668
,2072,315
ֲ,2070,249
,2057,4137
,2043,549
ا,2042,357
,2040,24266
,2031,400
,2026,1413
,2019,1309
,2015,711
,2009,2405
ׯ,2003,473
,1998,1245
,1990,5374
,1979,3488
,1971,222
,1968,356
Ψ,1964,1633
,1959,168
,1942,421
,1933,13714
,1913,4951
,1912,756
Ϧ,1905,962
,1898,387
Ӱ,1898,9620
,1897,18956
,1891,1476
,1890,16900
,1885,138
,1874,218
,1873,329
,1869,2674
ة,1867,176
,1860,289
ܿ,1857,14007
,1856,4319
,1841,442
,1840,525
,1835,538
F,1833,712
,1830,204
,1825,23522
,1797,924
ɼ,1792,1687
,1792,436
֣,1790,1074
,1789,288
˨,1786,172
,1783,545
,1783,1725
,1776,2560
,1773,16873
,1767,642
ţ,1765,122
,1755,228
,1747,251
,1744,195
,1744,944
,1736,19185
,1722,17162
ξ,1721,390
,1721,854
,1712,142
ԥ,1704,813
,1700,718
,1697,158
,1693,1504
,1677,703
,1676,670
,1667,738
S,1664,831
,1658,557
,1656,159
,1656,342
,1655,94
,1652,660
Ի,1643,417
,1642,749
,1642,317
,1634,412
,1632,279
,1628,171
,1623,850
,1619,570
,1611,185
,1600,245
,1600,664
,1599,1460
¢,1596,360
,1596,59
,1592,644
,1592,699
,1591,789
,1589,759
,1587,650
,1584,326
,1580,113
,1580,877
,1573,113
,1565,4425
,1555,2671
,1552,2251
,1542,3189
,1542,616
,1538,147
,1532,624
ң,1530,1034
,1523,1231
,1516,533
,1507,567
,1499,202
,1494,395
,1489,595
,1484,121
,1483,181
,1483,599
μ,1476,338
,1465,433
,1464,233
,1458,204
,1456,244
,1456,11960
,1447,895
,1440,341
,1440,194
,1439,287
Ҫ,1428,255
ɳ,1427,3827
,1413,74
,1412,466
,1411,446
,1408,360
,1404,628
,1396,317
,1392,919
,1392,209
˾,1392,468
,1390,193
,1387,343
,1384,3273
,1384,613
ŷ,1383,737
λ,1373,226
,1363,1579
,1358,563
,1358,340
,1358,126
տ,1356,331
,1346,2550
,1340,626
Э,1339,166
,1331,230
,1329,2595
,1328,1909
,1326,269
,1324,11569
,1314,136
,1314,191
,1311,8490
,1308,487
,1304,311
,1304,2066
ֱ,1303,146
,1299,550
ұ,1298,415
Ҳ,1296,638
,1294,95
,1292,77
,1290,79
,1284,167
,1282,1188
,1279,152
,1279,363
ɯ,1272,15671
,1259,454
B,1257,2188
,1255,434
Ω,1252,502
ר,1250,297
ѷ,1250,204
,1239,239
,1234,316
,1230,191
,1226,398
ģ,1224,133
,1223,780
,1222,275
,1219,255
,1217,515
,1213,263
δ,1205,703
,1200,279
,1198,223
,1198,866
,1191,2258
,1190,179
,1185,179
,1185,216
,1183,771
,1163,69
,1159,262
Ÿ,1158,1117
,1146,144
,1145,251
,1144,174
,1143,9956
Z,1142,1226
̹,1140,224
,1135,444
,1133,377
,1133,455
,1132,549
˩,1131,158
,1131,193
˸,1127,548
,1120,397
,1120,2059
׼,1120,129
,1117,114
,1116,1192
,1115,229
ī,1112,616
,1110,127
,1110,1584
,1104,226
h,1103,3015
,1101,154
ŵ,1100,1260
Ĭ,1098,833
,1097,1168
,1097,188
̨,1096,428
Ǩ,1092,259
,1092,10407
,1090,62
,1089,247
,1085,119
,1085,18470
ɣ,1082,729
,1081,578
,1077,37
,1076,1011
,1072,153
,1069,161
Ӻ,1066,259
,1066,129
,1061,169
,1060,668
,1057,1250
,1054,304
,1047,419
,1045,49
,1038,299
,1035,286
Ժ,1032,304
,1032,716
,1031,186
N,1031,50
,1031,980
,1031,342
ο,1030,520
,1029,176
,1026,444
,1025,294
,1019,162
,1017,141
,1012,95
,1011,200
,1011,557
ʽ,1011,141
,1010,554
,1007,252
,1007,344
,1003,451
,1003,1190
ͭ,1002,144
,1002,17079
,993,183
ԫ,992,227
Ľ,991,1094
,987,1075
,987,164
,981,509
,980,198
,976,69
,969,61
Ӯ,969,529
,966,573
,959,671
,957,426
,955,3491
,954,264
,954,153
ȹ,954,3472
,953,292
,948,208
,940,491
,940,159
ܴ,935,238
,928,325
,927,255
,927,495
,926,225
,925,112
Ǳ,924,150
,923,721
,921,178
,918,294
,917,258
,917,228
,914,848
,912,189
,908,10715
,903,287
,902,114
,902,342
,899,27
,892,675
,890,349
,889,1297
,889,789
ʩ,887,982
,887,1679
,885,178
,885,94
,882,11549
,882,2339
,881,6485
,881,468
,878,135
֧,876,259
D,875,353
,872,69
,872,284
,871,199
,868,566
,863,39
,862,209
վ,861,90
,857,96
,853,79
,849,91
,847,123
,843,219
͡,842,448
ͧ,841,60
t,838,627
˷,837,333
,831,6423
,831,230
,827,635
Ը,825,296
,824,470
,824,155
,823,54
,823,113
,819,188
,818,54
,815,210
Ҧ,814,643
,811,2041
,808,46
,807,142
,806,120
Ԭ,805,486
Ա,802,286
,800,4594
ۿ,800,176
,799,328
,796,125
,795,305
,794,3982
,792,373
,792,297
,790,354
,784,1391
,784,52
˪,782,3282
,782,129
,781,541
,780,116
,776,3407
,775,846
,773,242
,771,74
,770,1287
,769,210
,767,195
,767,173
,766,569
,766,558
,763,87
,763,2559
,762,124
ǭ,762,307
,761,298
,759,1460
,757,250
,756,141
,756,242
,755,122
,754,97
,753,564
,752,419
,751,62
,751,231
,750,99
,749,562
,746,912
߮,744,327
ʷ,742,167
,742,278
¯,741,37
,740,15289
,739,119
,736,459
,736,8125
,735,320
,733,164
ȼ,731,354
Է,727,2162
,726,886
,725,134
,725,316
,724,254
,723,52
̶,722,165
,715,227
,709,257
,707,1381
,706,101
,706,351
,706,1081
,702,1490
,700,201
,700,73
,700,68
,697,305
,697,246
,695,116
,695,68
,693,180
л,689,341
,688,360
,687,230
,686,350
,685,43
,685,33
,685,131
,684,237
,684,67
ϫ,682,429
,681,192
,680,285
,680,620
Ƶ,678,680
,678,203
,676,83
,674,155
,674,319
,674,191
,674,144
,672,100
,671,315
,671,147
,669,226
,669,192
,667,190
,667,75
,666,260
,665,344
,661,487
,658,693
,656,49
,652,146
,651,1204
,650,130
,649,93
,648,234
,647,54
٥,646,201
,646,47
,645,871
,645,378
,642,3810
,641,187
ͽ,639,259
ˡ,639,135
,639,710
,632,1128
,632,421
,630,121
,630,31
,628,5691
,627,348
ƻ,623,4835
,623,54
,622,208
,622,200
,621,131
,620,157
Ԯ,619,209
,619,272
,618,270
,617,170
,615,509
,615,625
ͣ,615,480
,614,460
ϯ,613,131
,607,1659
,607,1157
,605,414
,605,137
,604,177
,603,148
,603,592
,601,96
,600,7334
,598,93
,597,412
,597,176
,597,202
,596,492
,596,816
Լ,594,182
,594,468
,591,63
,591,135
,589,1493
,588,405
,588,580
Ѧ,587,340
,585,449
,582,83
,580,1162
,579,683
,579,271
,578,251
ƺ,576,310
,575,49
,572,85
,572,172
έ,571,711
,570,92
,568,1824
,567,107
,566,139
,562,36
Ѷ,560,87
,560,58
,560,452
,560,141
,558,214
,558,116
ĭ,557,603
,551,178
,551,1108
η,551,113
,551,259
,550,192
Ե,550,681
,548,460
,548,196
,548,59
,544,155
,543,86
,542,217
,542,2736
,540,370
,537,83
,537,529
,537,111
,537,443
,535,185
,533,347
,532,65
,530,186
,530,113
,529,131
,527,287
,527,118
,526,162
,526,58
,525,166
î,524,103
,524,202
,524,194
,523,52
,520,113
,516,145
,513,289
,512,194
١,510,162
,509,268
Ů,509,3967
,508,70
,506,125
,504,703
,504,277
¹,504,349
,502,506
,502,176
,502,57
,501,195
,500,61
,500,71
,500,592
״,500,37
,499,63
,499,176
,498,1148
,498,74
,497,178
,495,93
,495,85
,494,229
,494,23
,493,137
,491,43
,491,54
,490,457
,490,69
,489,131
,489,90
,488,221
,488,107
,488,22
,487,201
,486,239
,485,68
,484,303
ů,482,543
,481,1100
,481,40
ٚ,481,273
,481,150
,481,63
,480,86
,479,220
,477,60
,477,76
,476,251
,476,33
,475,103
Χ,475,202
,473,755
,472,118
,472,31
,471,873
ޥ,470,1646
,469,97
,468,137
,467,273
,464,451
,464,314
,463,1497
̳,462,152
,462,148
,461,115
,461,266
Ƹ,460,214
,459,880
,458,63
,458,94
,458,321
,455,67
¤,454,97
ִ,453,51
,451,974
,450,67
,450,37
,449,74
,447,198
ӹ,447,75
,447,2712
֤,446,75
,445,175
|,444,59
ת,444,1154
,444,723
,444,188
,444,137
ѭ,441,87
,441,76
,441,66
,440,746
,440,271
,440,180
,440,136
,439,77
,439,54
,439,67
,438,85
,437,3092
,437,126
,436,37
,436,1691
,435,64
,433,111
¬,431,166
,429,647
õ,428,3282
,427,161
,426,50
,426,198
,425,145
Ҽ,424,132
,424,229
,424,56
,423,106
,422,87
,421,1642
,420,107
â,417,1472
,417,279
,416,1120
ի,416,68
,416,556
,414,350
ݺ,413,3614
,412,187
,412,120
ܹ,407,309
,407,426
D,407,97
,406,30
Ʈ,404,597
,403,1524
,401,55
,401,88
н,401,439
,400,80
,399,112
,399,36
,398,1485
,398,51
,398,97
,397,157
,397,355
,397,43
,397,155
,397,50
,395,27
,395,71
հ,393,96
,393,78
,393,1588
,392,299
,392,2614
,390,59
,389,35
,388,2026
,388,379
,387,145
,386,1426
,386,93
,386,122
j,385,32
,384,4343
ͷ,383,97
,382,156
,381,129
ݷ,380,260
,380,351
,379,69
,379,174
,379,340
,379,38
,378,107
,378,201
,376,2816
,376,29
,375,127
,375,213
,375,73
կ,374,68
,373,37
,373,43
,372,71
,372,52
,371,136
,370,362
,370,258
,370,54
,370,410
,369,156
̷,369,106
,369,103
,369,51
,368,148
ʮ,367,144
,367,55
,366,388
º,365,446
ͫ,365,325
,365,56
,363,127
,362,2400
,361,107
,361,31
,361,129
,359,84
ȡ,359,81
,358,43
,357,176
,357,290
,354,156
,354,35
,353,932
,352,121
,351,249
,350,77
,350,81
,349,64
ʨ,349,44
,348,166
,347,81
Ŀ,347,58
o,347,7
,347,571
,346,44
ʶ,346,90
,346,62
,346,75
,345,628
,345,76
,344,108
,344,33
,344,329
,343,96
Ǫ,343,157
,343,42
,341,230
,340,1470
,340,43
,339,218
@,338,54
,337,91
,337,39
,337,66
Ͽ,336,349
پ,336,139
,336,155
,335,170
,334,107
,334,88
,333,234
,333,112
,333,54
Ũ,332,605
,329,258
,329,67
,328,94
,327,139
,327,359
,326,156
,326,505
,325,37
,324,160
,324,1179
,322,41
,322,130
,322,198
,320,220
,320,130
,318,69
,317,56
,317,119
,317,937
,317,38
,317,34
,316,71
,315,131
,314,182
,313,28
,313,227
,313,91
,312,121
,311,156
,310,146
,310,284
,309,27
β,309,235
,309,258
ȿ,308,675
,307,358
M,307,232
,307,57
,307,46
,306,48
,305,168
,304,1171
,304,526
,303,11
,303,98
,303,381
;,302,34
,302,30
],300,115
ҹ,300,372
,300,59
P,298,186
,298,32
,298,204
Ī,296,245
,296,137
,295,13
,294,142
,294,85
,294,900
,294,68
,293,403
,292,24
ѳ,291,325
,290,213
,289,123
ӣ,289,1980
,289,59
,288,1137
,287,140
,287,87
,286,899
,286,61
,286,59
,286,23
,286,392
,284,76
,282,79
,282,116
,282,164
,281,25
Ѵ,281,88
,280,60
,280,95
Ҥ,279,65
,279,127
,278,38
,278,72
,278,186
,277,39
ܽ,276,2327
,276,165
,275,288
,275,17
,274,231
,274,61
,273,48
,273,65
,272,101
ܷ,272,821
ҽ,271,122
,271,13
,269,273
,269,21
,268,905
п,268,89
,268,15
,268,12
,268,113
,267,19
ס,267,49
,266,183
,266,8
,265,498
,265,247
,265,89
,265,86
,265,56
,264,374
,264,58
,264,73
ü,264,1062
,263,73
,262,88
,261,61
,261,48
,260,93
,260,564
,259,36
ں,259,167
,259,35
ϧ,259,759
,258,23
,258,79
,257,43
,257,88
,257,81
,256,124
Ѱ,256,291
,256,75
,254,137
,254,50
,254,76
,254,134
,253,39
,253,13
,253,73
,253,424
,253,118
,252,62
,252,81
,252,61
,251,111
,251,66
,251,113
,251,240
,251,773
,250,260
,250,83
,250,75
,250,142
,250,102
,250,251
,249,317
,249,54
«,248,143
,248,57
,248,106
ݥ,248,109
,248,55
,247,32
,247,77
,246,78
,246,118
,246,91
v,245,17
,245,35
,245,234
,245,263
,244,68
,244,115
ѿ,244,500
,244,66
,244,70
,244,113
,244,411
ʼ,243,56
ֵ,243,38
,242,85
,242,633
,242,5
,241,40
ĩ,241,220
,241,45
,240,166
,240,83
̽,240,69
,240,41
,239,2098
,238,90
,238,80
ƾ,237,95
,237,265
,237,44
,236,5
,236,46
,234,66
,234,79
,234,134
,233,1847
,232,349
Ƿ,232,338
,230,26
ӫ,230,546
,230,613
,229,66
,229,86
,229,53
,229,60
,229,74
,228,269
,228,105
u,228,302
,228,197
,228,170
ϡ,228,213
,228,183
,228,35
,228,1731
,227,53
,227,21
,227,101
,226,121
о,226,979
,225,85
,225,805
ٲ,225,72
,225,53
,224,750
,223,137
,223,378
,222,405
,222,157
,222,72
,222,54
,222,32
,221,12
,220,138
|,220,10
ì,220,43
,220,54
,220,71
,219,156
,219,65
d,218,104
,218,200
,218,53
,217,46
,217,22
,217,130
,216,114
,216,90
,215,5
,215,264
,214,127
,214,130
,213,201
,213,144
,212,68
Ӥ,212,375
,211,115
,211,141
ó,211,99
,211,77
,211,36
,210,66
,209,23
ɫ,209,178
˿,208,1258
ç,208,21
,208,135
Ϣ,208,156
Ư,207,156
,207,44
Ǣ,207,108
,206,143
,206,51
,206,18
,206,80
,206,927
,205,60
,205,37
,205,30
,204,11
,204,58
,204,56
,204,22
,203,75
|,203,66
,203,107
,203,784
,203,185
,203,32
׻,202,41
,202,50
ݿ,202,19
,201,34
ʰ,200,63
ä,199,74
,198,204
,198,175
,198,28
,198,204
ְ,198,27
,198,42
,197,286
,197,61
,197,19
,197,51
,197,26
,196,166
,195,53
׸,194,132
,194,1164
,193,38
,193,151
®,193,60
,193,75
Ϋ,192,89
,192,57
,191,111
,191,64
ӧ,191,619
ʾ,191,86
,191,60
,190,17
,190,56
,190,232
,190,57
[,189,213
,189,76
,189,118
,189,35
,188,181
E,188,139
,188,30
,187,159
ָ,187,32
,187,65
,187,715
ֻ,187,73
,187,45
,187,19
,186,35
,186,18
,186,31
ȥ,185,69
,185,66
,185,199
,185,82
ĵ,184,579
,184,124
ݶ,184,176
,184,21
Ш,183,9
,183,192
,182,19
,182,132
ۤ,182,207
,182,312
,182,149
̸,181,60
,181,27
,181,132
,181,67
,180,126
,180,14
,180,699
,180,50
Ѯ,179,69
ö,179,894
,179,182
Ϭ,178,55
,178,255
,177,226
,177,246
ǽ,177,33
,177,99
,177,1412
ٳ,177,1728
,177,112
ڱ,176,61
,176,51
,176,34
,176,65
,174,88
,174,45
æ,174,95
,174,89
,174,58
,174,16
,173,113
,173,58
,173,68
Ԣ,172,60
,172,44
,171,78
,171,408
,171,45
,171,23
,171,26
ɪ,170,113
լ,170,13
,170,99
,170,26
,170,184
گ,170,34
,170,48
,169,35
,169,27
,169,63
,169,52
|,169,59
ʻ,169,32
,168,1808
,168,20
,168,1093
,168,30
d,167,8
,167,19
,166,282
,166,304
,166,332
,166,33
,166,71
,165,39
,165,28
,165,100
,165,153
Į,165,65
ò,164,45
,163,53
,163,253
,163,207
ڹ,163,19
,163,59
,163,100
,163,63
,163,67
,162,21
ԡ,162,50
,162,52
,162,48
,162,85
f,161,51
ô,161,82
,160,22
,160,14
,160,67
̴,160,64
,159,22
,159,198
,158,62
,158,72
ǲ,158,74
,158,45
,157,64
,157,85
ҩ,157,113
r,157,87
,157,36
,157,43
,157,46
,156,43
,156,60
,156,43
,155,44
,155,4
,155,75
ԯ,154,61
,154,90
A,154,38
,154,114
,153,102
,153,47
ɸ,153,43
,153,22
׷,152,44
,152,21
˰,152,41
,152,10
,152,65
,152,58
,151,31
,151,26
,151,82
̍,151,22
ѯ,151,67
,151,129
,150,37
,150,21
,150,19
,150,121
,150,51
˽,149,39
,149,67
,149,37
Ѳ,149,33
ظ,148,6
,148,13
,148,282
,148,119
Ϳ,148,52
s,148,5
,147,52
,147,68
,147,48
,147,14
,147,45
ϳ,147,22
,147,124
,147,89
,147,124
é,147,55
,146,16
,145,28
,145,132
̬,145,54
,145,42
,145,125
,144,27
,144,519
Ǧ,143,30
,143,371
ע,143,11
,143,24
,143,18
,142,19
ެ,142,64
,142,102
,142,37
,142,30
,142,23
ȧ,142,232
Ū,142,17
x,141,3
,141,65
,141,45
,140,79
,140,47
,140,83
,140,21
ŭ,140,34
ٮ,140,196
,139,21
,139,52
,139,46
,139,69
ܭ,139,38
,139,98
,139,24
Ŭ,139,77
,138,224
,138,43
Ԧ,138,36
,137,29
,137,204
,137,86
,137,32
,137,36
,137,135
,137,103
,136,79
,136,22
,136,35
,136,66
,136,93
,136,290
U,136,97
,136,1137
ϴ,135,27
,135,40
,135,69
,135,64
,135,77
,135,36
װ,135,37
,134,26
ި,134,138
,134,22
,134,19
,134,79
,134,16
,134,26
,134,135
,134,60
,134,29
,134,12
,133,60
,133,40
,133,71
,133,60
Ԥ,133,48
,133,14
,133,16
,133,105
,132,28
,132,16
,132,71
,132,27
ҳ,131,97
,131,13
,131,75
,131,53
ּ,131,57
,130,56
,130,253
,130,493
,130,14
Ѥ,129,425
,129,1014
,129,53
,129,28
,129,11
خ,129,39
,129,50
,129,179
,129,69
Ʊ,128,20
Я,128,54
,128,22
,128,29
,128,10
,127,8
,127,22
۪,127,384
ʲ,127,33
,127,23
,127,32
,127,60
,127,34
,126,20
,126,38
,126,299
,126,141
,126,202
,126,82
,126,79
Ǿ,126,681
,125,92
,125,348
,125,40
,125,1188
,125,15
,124,103
,124,19
,124,31
,124,57
,124,31
d,124,8
,124,6
,123,72
,123,7
׮,123,30
,123,3
´,123,137
,123,206
,123,43
,122,94
,122,224
,122,362
,122,306
ֹ,122,60
ν,121,29
,121,38
,121,25
ղ,120,73
,120,39
,120,20
,120,183
,120,15
,119,18
,119,243
,119,28
,119,24
,119,38
,119,38
,119,12
,119,32
,119,33
,119,91
,119,81
,118,32
,118,14
,118,45
F,118,39
,118,14
,117,6
ٺ,117,42
,117,162
Υ,117,26
,117,71
,117,280
,117,42
,117,28
,117,22
,117,118
,116,31
,116,25
,116,122
,116,64
,116,195
,116,26
,115,47
,115,67
,115,34
,115,548
,115,23
,115,248
B,114,10
޿,114,199
,114,10
,114,44
,114,31
,114,29
,114,166
,114,110
,114,16
,114,25
޹,113,111
ê,113,12
ū,113,89
,113,28
,113,53
,113,17
,113,22
,113,59
,112,0
,112,57
ʸ,112,15
,112,14
,111,13
,111,15
,111,934
ζ,111,162
,110,26
,110,203
,110,12
,110,125
,110,26
,110,44
,109,35
ȷ,109,31
,109,851
,109,25
,109,27
,109,52
Ȧ,109,25
,109,26
,109,1510
,108,21
,108,244
ϵ,108,36
,108,91
,108,28
,108,151
,107,60
,107,30
,107,15
,107,29
ҡ,107,80
t,107,8
ֿ,107,34
Կ,107,307
,107,47
,107,132
,106,268
,106,274
,106,19
,106,89
,106,940
٧,106,24
,106,120
,106,44
,106,69
,106,329
,106,48
,106,87
,105,202
,105,39
,105,764
,105,386
ש,105,31
,104,44
,104,17
,104,31
Ȯ,104,2
,104,13
,104,42
,104,22
,104,40
,104,65
,104,269
,103,14
,103,17
ð,103,18
,103,68
,103,13
,103,46
,103,38
,103,278
,103,8
,103,13
,102,32
,102,50
,102,34
,102,51
,102,13
ʧ,102,15
,101,223
,101,20
,101,94
Ѭ,101,46
,101,38
,100,17
,100,28
,100,23
,100,89
,100,45
,99,245
,99,22
,99,11
r,99,41
,99,35
,99,22
,99,253
,99,30
,99,28
ǡ,99,126
S,98,5
Ħ,98,19
,98,91
,98,308
,97,62
,97,42
,97,35
,97,71
,97,7
,96,47
,96,49
,96,21
,96,51
,96,16
,95,62
,95,239
,95,23
,95,39
,95,121
,95,11
,95,56
,95,10
,94,6
ķ,94,224
,94,73
٤,94,52
,94,31
,94,23
,94,50
,94,25
,94,90
,93,25
,93,79
,93,22
b,93,116
,93,33
,93,26
ȸ,93,149
,93,68
ǳ,93,65
,92,24
L,92,126
,92,277
Φ,92,32
,92,127
,92,56
,92,31
,91,28
,91,46
,91,29
,91,86
,91,26
,91,37
x,90,3
,90,113
,90,19
,90,31
,90,65
,90,58
,90,27
,90,27
,90,6
ȵ,89,93
,89,28
,89,34
ۼ,89,26
,89,23
ب,89,15
ɹ,89,78
,89,17
P,89,9
,89,48
ã,89,94
,89,40
,88,19
,88,62
,88,75
,88,27
Ҭ,88,168
ż,88,54
,88,143
,88,25
,88,26
г,88,36
ѱ,88,11
մ,88,43
,87,39
,87,11
,87,18
,87,51
Ļ,87,64
̲,87,42
,87,24
,87,64
ٯ,87,119
,87,6
,87,679
,86,48
,86,43
,86,200
,86,34
,86,40
е,85,24
µ,85,45
,85,50
,85,20
,85,49
Ȱ,85,75
,84,35
,84,10
,84,16
,84,36
,84,53
Q,84,57
,84,70
,83,21
,83,20
,83,10
,83,29
¦,83,21
,83,30
֡,83,74
,82,22
,82,73
,82,36
,82,38
,82,30
,82,42
,82,66
,82,13
,82,28
,81,29
,81,21
,81,11
,81,22
͸,81,20
,81,109
,81,52
,81,26
,80,79
,80,41
,80,80
,80,15
ݯ,80,138
,80,27
,80,9
,79,80
,79,18
,79,32
,79,63
,79,11
E,79,22
۫,79,78
,79,11
,79,32
,78,19
,78,25
,78,37
,78,14
Ƕ,78,63
,78,77
˯,78,17
,78,253
,78,5
,78,113
þ,78,135
,78,25
Ƥ,78,39
F,78,7
,77,11
F,77,13
,77,25
,77,68
,77,15
,77,27
,77,15
,77,16
,77,39
Ү,77,93
,77,24
,76,21
,76,29
,76,12
,76,33
,76,157
,76,7
,76,63
,76,57
,76,379
,76,197
,76,62
,76,58
,76,25
,75,28
,75,215
,75,10
,75,39
,75,50
,75,59
,75,3
,75,0
׶,75,9
,75,20
,75,16
,75,49
ĳ,74,24
,74,46
Ȥ,74,88
,74,11
,74,35
,74,36
,74,1
,74,25
ж,74,52
,74,36
,74,256
,73,56
,73,19
,73,12
,73,2
,73,20
,73,18
,73,35
ǥ,73,22
ǹ,73,4
,73,41
,73,121
,73,138
,73,11
,73,20
,73,102
,72,8
ҥ,72,122
֩,72,26
,72,46
,72,30
ٶ,72,32
,72,8
,72,46
,72,376
ʳ,72,24
,72,10
ǯ,72,13
Ų,72,79
,72,14
,72,22
Ź,71,20
,71,15
˵,71,39
,71,43
,71,8
,71,81
,71,90
ڵ,71,45
,71,35
,71,431
,71,200
,70,19
ļ,70,33
,70,23
Ѫ,70,44
,70,21
Ŷ,70,28
,70,31
,70,79
,70,28
,70,15
ҿ,70,68
,70,23
,69,13
ǵ,69,17
,69,7
,69,87
,69,19
,69,8
,69,12
˲,69,33
ƹ,69,69
,69,63
,69,279
,69,19
,69,193
,69,4
,69,10
ӻ,69,6
ө,69,240
,69,7
,68,12
x,68,10
ѹ,68,43
,68,15
,68,15
,67,15
ɧ,67,33
ѣ,67,25
,67,11
,67,44
Σ,67,18
ɰ,67,46
|,67,1
,67,25
,67,20
,67,84
դ,67,43
,67,0
,67,48
ù,67,15
Ĳ,67,30
,66,16
,66,31
d,66,2
,66,70
Ϯ,66,46
,66,33
,66,20
Ʋ,66,36
,66,28
,66,20
,66,23
,66,21
,66,28
,65,14
ƶ,65,19
,65,9
,65,21
ǩ,65,31
,65,67
,65,23
Ϥ,65,38
N,65,2
,65,14
,65,183
α,65,20
,65,32
,65,317
ױ,65,54
,64,12
,64,242
,64,21
,64,20
İ,64,52
a,64,7
Ѻ,64,18
,64,21
,64,28
ݸ,64,335
,64,76
,64,26
,64,14
ĺ,64,51
ɮ,63,8
,63,13
,63,19
c,63,3
Ⱦ,63,59
,63,19
,63,17
,63,28
,63,19
,62,9
,62,9
,62,7
,62,17
,62,84
,62,20
ޕ,62,26
t,62,16
ƴ,62,20
,62,75
,62,21
,62,9
,62,22
,62,44
ȯ,62,43
,62,4
_,62,2
,62,14
,61,37
,61,29
B,61,7
,61,50
,61,30
,61,10
,61,44
,61,93
,61,13
,61,21
,61,32
,61,56
,61,8
,61,19
ɢ,60,50
ܯ,60,15
i,60,122
,60,5
,60,50
,60,5
,60,5
,60,6
,60,48
,60,155
,60,17
,60,29
T,60,1
,60,36
޲,60,241
,60,8
,60,28
,60,15
,60,20
,60,13
,59,27
,59,28
ؤ,59,6
,59,17
,59,5
,59,46
,59,467
,59,69
ɾ,59,44
ȴ,59,20
,59,44
,59,48
,59,10
,59,10
,59,13
Ŵ,59,39
,58,40
,58,232
,58,14
ګ,58,62
B,58,41
,58,210
,58,22
,58,14
,58,11
,58,34
ݰ,58,61
J,58,2
,58,92
,58,5
V,58,4
\,58,22
,58,27
,58,8
,58,11
,57,23
,57,32
,57,18
,57,25
,57,76
,57,5
,57,18
,57,24
,57,2
,57,13
,57,8
,57,40
,56,61
Q,56,32
,56,4
,56,10
,56,33
,56,13
k,56,12
,56,33
,56,31
,56,34
,56,6
,56,5
,56,13
,56,26
,56,12
,56,14
,56,19
,56,8
,56,17
,56,8
,56,17
,55,21
,55,26
,55,14
,55,16
,55,39
,55,70
,55,31
ܮ,55,9
̯,55,57
,55,13
,54,20
,54,143
,54,13
ϩ,54,38
,54,24
ҧ,54,8
,54,20
x,54,38
,54,124
,54,428
,54,5
,54,6
,54,10
,54,33
,53,10
,53,96
,53,19
,53,7
,53,24
,53,37
,53,37
,53,10
,53,22
,53,30
,53,19
,53,35
,53,11
,53,23
b,53,5
,53,11
,53,7
,52,105
,52,27
,52,16
,52,75
,52,26
,52,24
,52,45
ݦ,52,167
,52,12
,52,20
,52,26
,52,36
,52,22
,52,5
̺,52,19
,52,11
,52,3
פ,52,20
,52,77
,52,11
,52,23
ո,52,15
,51,38
,51,28
,51,10
,51,10
ֶ,51,13
,51,47
,51,30
,51,18
,51,19
,51,31
,51,13
,51,16
,51,48
,51,5
,51,30
,51,24
ź,51,191
\,51,0
,50,24
,50,27
G,50,26
,50,8
,50,6
,50,154
,50,10
,50,60
,50,21
,50,17
,50,44
,50,13
,50,80
,50,31
,50,18
֯,49,78
,49,26
,49,73
,49,25
,49,77
,49,23
,49,85
,49,18
Ѽ,49,47
,49,16
,49,147
,49,6
,49,157
,49,47
,49,11
,49,233
,49,98
,49,41
,49,12
i,49,16
,49,81
Є,49,47
,49,119
,49,235
,49,103
,49,41
W,48,21
,48,16
,48,11
,48,4
,48,22
,48,22
V,48,30
,48,8
,48,24
,48,23
,48,25
ĥ,48,19
,48,24
,48,13
,48,13
Ϻ,48,185
,48,18
׾,48,12
i,47,0
,47,41
,47,29
,47,29
,47,12
,47,26
,47,9
,47,35
,47,23
,47,29
,47,8
,47,37
,47,8
,47,42
,47,515
,47,28
,46,15
,46,21
׹,46,12
,46,36
,46,106
,46,13
,46,39
,46,29
,46,4
,46,17
,46,200
ڤ,46,13
,46,4
,45,13
,45,7
,45,3
,45,11
,45,11
,45,32
,45,133
,45,93
,45,8
ײ,45,42
,45,13
,45,10
,45,33
,45,109
,45,2
f,45,6
,45,10
,45,15
,45,20
,45,28
,45,14
,45,11
,44,10
,44,19
,44,5
,44,0
,44,28
,44,20
,44,30
,44,28
,44,828
޼,44,109
,44,7
,44,11
,44,41
è,44,24
,44,42
,44,13
,44,593
,44,3
,44,21
,44,5
,44,28
,44,52
,44,508
P,44,270
Ӷ,43,170
d,43,10
,43,206
ʣ,43,19
,43,9
,43,54
,43,7
f,43,34
,43,14
,43,8
,43,92
,43,4
,43,144
,43,64
,43,75
,43,14
S,43,10
,43,8
,42,32
,42,22
,42,2
Ѣ,42,20
,42,16
,42,17
,42,15
,42,11
,42,64
,42,25
,42,11
,42,97
ú,42,13
,42,30
b,42,15
,42,29
ȭ,42,9
R,42,6
,42,16
,42,58
,42,26
ƿ,42,89
Ѿ,42,208
,42,9
O,42,32
٢,42,10
,42,94
,42,13
,42,26
,42,262
,41,30
,41,34
,41,7
,41,33
׫,41,9
,41,6
,41,15
,41,5
,41,3
,41,14
,41,102
,41,15
ÿ,41,59
,41,56
ܫ,41,16
,41,3
V,41,23
,41,168
,41,13
,41,9
,41,14
,41,24
,40,63
,40,49
,40,9
,40,41
,40,28
,40,12
,40,28
,40,2
,40,48
o,40,34
,40,21
},40,5
,40,2
,40,14
,40,8
,40,16
,40,12
,40,21
ƥ,40,8
,39,613
ч,39,2
,39,7
ԁ,39,40
,39,10
,39,166
,39,79
,39,64
,39,21
,39,8
,39,12
,39,69
,39,8
ڡ,39,14
,39,65
,39,68
,39,23
,39,17
,39,22
,39,23
,39,37
,39,1056
,39,20
£,39,25
,39,6
X,39,30
,39,25
,39,5
,39,13
i,39,27
,39,4
,39,16
h,38,1
,38,16
,38,7
,38,14
,38,8
,38,10
,38,16
,38,62
G,38,13
,38,45
д,38,20
,38,37
,38,12
,38,7
,38,29
,38,19
ק,38,10
,38,11
ɡ,38,28
,38,37
,38,14
,38,2
ǣ,37,30
,37,9
,37,16
,37,24
,37,6
M,37,2
,37,55
,37,4
,37,19
,37,10
,37,9
,37,12
,37,23
Щ,37,269
,37,10
,37,20
,37,31
,37,44
θ,37,11
,37,9
,37,5
,37,21
m,37,7
,37,14
,37,82
ջ,37,1
,37,8
,37,15
,36,33
,36,13
,36,7
,36,28
,36,75
,36,73
,36,14
,36,10
,36,11
,36,5
߸,36,10
,36,2
,36,17
,36,4
,36,28
,36,18
,36,1
,36,24
,36,274
ʹ,36,23
,36,9
,36,20
,36,2
,36,22
,35,15
,35,15
,35,8
,35,6
Ţ,35,40
,35,11
,35,26
,35,174
,35,19
_,35,15
l,35,0
,35,13
ۡ,35,12
ӷ,35,14
,35,17
,35,10
,35,36
ƫ,35,61
,35,25
,35,14
,35,15
,35,33
,35,10
,35,16
,35,28
P,35,1
,35,6
,35,9
,35,6
,35,9
,35,5
,35,46
ث,35,1
,35,14
,35,17
F,35,3
,35,20
,34,8
,34,19
,34,29
ť,34,22
,34,3
,34,28
Ϲ,34,37
,34,7
,34,10
h,34,3
,34,17
,34,6
ή,34,23
,34,5
,34,28
,34,9
,34,24
h,34,6
W,34,3
,34,4
,34,6
,34,7
,34,38
,34,19
`,34,16
,34,16
~,34,32
,34,13
,34,5
,34,16
,34,11
,33,5
,33,29
,33,1
,33,21
,33,4
,33,6
,33,14
,33,12
,33,9
,33,2
,33,24
,33,15
,33,11
x,33,6
,33,15
,33,7
,33,26
,33,2
,33,7
,33,10
,33,16
,33,26
,33,22
,33,9
,33,3
,33,14
,33,53
,33,7
,33,48
,33,26
,33,12
,33,102
ѽ,33,35
,33,13
,33,13
,33,6
̿,32,8
,32,4
,32,10
܎,32,4
,32,32
נ,32,8
,32,0
,32,10
,32,21
,32,54
,32,18
,32,49
Ʃ,32,24
v,32,21
,32,11
,32,7
,32,8
,32,50
,32,16
û,32,32
,32,10
,31,20
,31,2
,31,7
,31,0
,31,11
,31,22
,31,28
G,31,13
,31,17
,31,8
,31,12
,31,37
,31,12
,31,8
,31,8
,31,10
ƪ,31,22
,31,25
,31,12
,31,10
,31,8
Z,31,9
,31,10
,31,173
,31,10
,31,3
,31,16
,31,10
ܼ,31,84
,31,2
,31,2
,31,5
,31,15
i,31,12
,31,48
,31,8
ؾ,31,4
w,30,6
ץ,30,2
շ,30,10
,30,11
,30,4
,30,11
,30,30
,30,5
_,30,54
,30,25
E,30,0
,30,10
,30,5
,30,20
Ķ,30,5
,30,84
,30,4
ۢ,30,38
,30,60
պ,30,19
,30,21
,30,350
,30,9
,30,4
,30,31
,30,17
,30,45
,30,7
,30,9
Ӳ,30,4
,30,2
,30,11
,30,6
,30,40
,30,13
,30,19
^,30,18
ԧ,30,244
,29,19
,29,12
,29,31
,29,69
,29,28
,29,6
,29,11
,29,5
,29,64
S,29,1
,29,8
,29,9
a,29,1
,29,3
,29,6
,29,22
,29,0
,29,87
,29,19
,29,8
,29,4
,29,15
,29,22
,29,7
,29,42
,29,31
,29,8
,29,14
,29,7
N,29,2
,29,14
,29,3
,29,2
,29,2
,29,23
ų,29,12
,29,46
,29,33
,29,22
,28,16
,28,11
,28,17
,28,25
,28,13
V,28,0
,28,11
,28,8
,28,12
,28,8
,28,7
,28,4
I,28,4
,28,9
,28,20
,28,9
,28,6
ы,28,11
,28,24
,28,20
,28,18
,28,7
,28,15
,28,4
,28,8
,28,13
,28,12
,28,5
ը,28,7
,28,16
,28,16
,28,10
,28,11
,28,31
ĸ,28,22
,28,12
,28,4
,27,7
,27,9
,27,9
,27,17
,27,14
,27,30
,27,7
,27,7
,27,9
Ͱ,27,18
,27,1
,27,17
,27,9
,27,29
,27,14
,27,24
,27,7
˥,27,17
,27,8
,27,73
,27,16
,27,11
,27,11
,27,19
ħ,27,11
,27,6
,26,3
,26,6
,26,21
и,26,9
,26,6
,26,45
,26,2
۳,26,32
,26,55
,26,9
,26,9
,26,19
,26,27
,26,40
,26,9
,26,90
,26,10
,26,12
,26,31
,26,28
̦,26,62
Ϸ,26,13
,26,2
U,26,12
Ԋ,26,18
ϥ,26,6
,26,7
,26,10
,26,21
ڼ,26,6
,26,23
,26,6
,26,4
,26,357
,26,4
,26,65
,26,122
ҷ,26,16
,26,19
,26,0
,26,8
,26,11
,26,5
,26,30
,26,6
,26,6
,26,5
,26,11
,26,19
,25,12
,25,10
,25,13
˺,25,96
,25,7
,25,7
,25,3
,25,52
,25,6
٫,25,10
,25,14
,25,2
R,25,13
,25,25
,25,3
I,25,1
P,25,28
,25,12
,25,5
,25,7
ơ,25,2
۽,25,10
L,25,0
,25,1
Ģ,25,15
,25,6
,25,166
t,25,1
,25,13
,25,36
,25,15
,25,24
Ь,25,11
,25,14
,25,3
,25,19
,25,10
,25,5
,25,6
,25,6
,25,5
,25,20
,25,3
׬,25,3
,25,15
,25,9
,25,43
,25,11
`,25,76
,24,5
,24,59
,24,53
,24,38
d,24,4
,24,24
,24,22
,24,12
,24,12
׭,24,26
͵,24,12
Ĺ,24,4
,24,10
,24,3
,24,16
,24,8
,24,1
,24,1
g,24,5
,24,13
,24,5
,24,8
,24,20
Ƭ,24,21
,24,11
,24,5
,24,16
գ,24,9
Ĵ,24,10
,24,0
,24,14
,24,10
,24,13
ϻ,24,52
,24,10
,24,5
,24,17
,24,2
,24,15
¾,24,13
,24,19
а,24,4
ý,24,13
,24,8
,24,102
,24,10
,23,18
,23,0
,23,19
,23,48
,23,20
,23,5
,23,13
,23,10
,23,6
,23,7
,23,3
,23,51
,23,88
,23,1
Һ,23,12
,23,20
,23,5
,23,30
,23,25
ͻ,23,7
,23,3
,23,15
,23,9
,23,13
,23,10
,23,2
,23,13
,23,2
,23,25
,23,1
ݣ,23,23
ۨ,23,6
,23,11
,23,10
,23,9
,23,17
,23,63
,23,2
,23,18
,23,8
,22,2
,22,0
,22,7
,22,14
,22,3
,22,8
,22,4
,22,1
,22,17
,22,102
,22,1
,22,23
H,22,19
i,22,2
,22,43
,22,60
,22,17
Ǽ,22,10
,22,9
ܵ,22,12
,22,100
`,22,13
,22,10
h,22,1
Ҿ,22,5
C,22,2
,22,9
,22,6
,22,4
,22,6
,22,13
,22,6
ܾ,21,35
ϭ,21,13
߶,21,2
,21,26
,21,5
,21,7
|,21,28
,21,2
{,21,18
J,21,3
,21,37
w,21,2
,21,11
,21,30
,21,11
в,21,5
܊,21,4
O,21,51
,21,6
,21,4
,21,8
,21,6
,21,13
,21,21
,21,14
,21,24
ݻ,21,29
,21,19
,21,8
,21,3
,21,5
,21,4
,21,11
,21,3
,21,8
,21,6
,20,11
,20,11
,20,71
,20,3
,20,6
,20,9
,20,12
,20,10
,20,12
,20,5
,20,8
,20,9
,20,34
,20,21
,20,8
,20,3
,20,2
,20,7
,20,2
,20,19
T,20,6
,20,282
,20,2
,20,19
Ť,20,22
,20,23
,20,13
,20,8
W,20,4
,20,3
,20,3
,20,13
,20,4
,20,8
,20,3
,20,0
ؑ,20,19
,20,0
,20,7
,20,18
,20,2
,20,7
,20,9
x,20,0
,20,10
t,20,2
,20,7
Q,20,2
,20,3
,20,3
,20,6
,20,23
,20,13
o,19,3
,19,7
,19,9
u,19,1
,19,5
,19,4
,19,4
,19,11
,19,30
,19,6
,19,3
,19,8
,19,5
̥,19,16
],19,4
,19,10
,19,122
Ǹ,19,22
,19,16
,19,4
,19,1
ؔ,19,1
,19,9
,19,14
,19,4
,19,15
,19,0
,19,2
q,19,71
,19,33
,19,6
,19,8
f,19,7
,19,11
,19,9
,19,7
,19,9
,19,3
,19,16
,19,14
,19,3
,19,6
,19,19
,19,6
,19,17
,19,4
ַ,19,16
,19,11
,19,13
,19,5
,19,15
۬,19,75
,19,4
,19,6
,19,11
,19,6
,19,28
,19,1
,19,11
,18,3
,18,32
,18,8
,18,18
,18,2
X,18,3
,18,4
,18,5
`,18,6
{,18,7
,18,2
,18,5
,18,2
,18,7
,18,4
,18,9
,18,2
̮,18,16
,18,8
,18,0
Ŧ,18,23
,18,9
,18,6
,18,13
m,18,18
,18,3
ү,18,6
,18,9
,18,5
,18,1
,18,16
ɵ,18,9
,18,6
,18,4
,18,2
,18,6
,18,0
,18,2
ñ,18,10
,18,10
,18,10
,18,14
,18,79
ɴ,18,97
ͺ,18,1
,18,19
,18,18
t,18,25
,18,5
ư,18,86
,17,11
,17,2
c,17,4
[,17,1
֭,17,24
,17,8
Ҩ,17,4
,17,9
,17,2
,17,10
,17,8
,17,4
,17,11
̡,17,13
ճ,17,15
^,17,0
R,17,1
,17,6
,17,2
Գ,17,4
,17,6
,17,10
,17,7
,17,4
W,17,17
X,17,1
,17,6
o,17,0
,17,2
,17,2
i,17,33
,17,1
,17,24
,17,5
,17,7
,17,2
̭,17,2
,17,7
,17,4
,17,7
,17,4
Ž,17,12
,17,5
,17,1
,17,7
,17,5
,17,11
,17,2
,17,25
̤,17,7
,17,9
K,17,2
,16,6
,16,38
,16,1
,16,3
,16,3
,16,4
,16,1
,16,15
,16,4
,16,9
,16,31
,16,6
ʴ,16,9
,16,28
б,16,10
,16,8
,16,1
,16,2
,16,1
,16,4
Y,16,0
,16,35
,16,4
,16,2
,16,12
,16,5
,16,13
,16,6
{,16,3
,16,8
,16,2
,16,6
,16,6
,16,20
ø,16,16
׺,16,23
,16,9
,16,14
յ,16,15
,16,13
,16,0
,16,7
,16,5
,16,9
,16,19
,16,14
I,16,1
,16,7
,16,4
,16,2
,16,6
,16,9
,16,3
,16,1
ա,16,17
,16,11
,16,4
,16,5
,16,8
,16,7
,16,7
,16,8
,16,14
,16,7
,15,21
,15,10
,15,4
,15,0
ٵ,15,5
,15,25
̼,15,7
,15,3
,15,15
,15,9
,15,14
˻,15,33
,15,6
,15,6
ޮ,15,22
,15,15
,15,6
,15,1
,15,0
,15,24
,15,3
,15,1
,15,3
,15,4
,15,30
,15,4
,15,32
,15,6
,15,9
,15,3
,15,14
أ,15,5
,15,29
,15,4
Ӵ,15,5
,15,11
,15,4
,15,8
,15,2
,15,40
,15,2
,15,7
I,15,7
,15,6
|,15,0
,15,9
Ͷ,15,3
,15,4
,15,0
,15,0
,15,2
,15,14
,15,60
,15,2
,15,5
,15,2
,15,7
,15,5
,15,1
,15,8
,15,2
ȱ,15,45
,15,6
,15,6
a,15,5
,15,38
,15,6
,15,6
ʪ,15,7
b,15,2
,15,2
,15,11
,15,10
s,15,1
ɨ,15,2
,15,21
,15,35
,15,7
,15,7
,15,9
,15,0
,15,4
Ͳ,15,10
,15,17
,14,15
,14,23
,14,14
v,14,0
,14,5
,14,8
,14,8
U,14,2
ھ,14,3
ª,14,3
,14,19
,14,5
,14,1
a,14,0
ƭ,14,6
,14,3
,14,3
,14,5
,14,3
,14,4
,14,12
,14,6
,14,5
,14,34
,14,5
,14,5
ŧ,14,11
,14,3
,14,5
,14,70
,14,11
,14,10
ٴ,14,3
,14,2
ˢ,14,13
ǅ,14,23
,14,1
,14,5
,14,13
,14,31
ԩ,14,10
,14,74
,14,4
,14,10
,14,11
d,14,2
,14,17
,14,11
,14,56
,14,14
ǻ,14,1
,14,1
ʬ,14,6
,14,1
,14,14
,14,22
,14,8
,14,5
ܥ,14,2
,14,3
@,14,0
,14,5
,14,9
M,14,2
,14,1
,14,2
ټ,14,20
,14,7
Y,14,2
,14,2
,14,4
,14,0
,14,3
,14,1
,14,6
,14,3
í,14,5
,14,11
,13,1
,13,1
,13,11
,13,6
,13,3
,13,2
۾,13,2
,13,7
,13,54
ۭ,13,28
,13,8
,13,15
,13,6
,13,6
,13,2
,13,12
X,13,2
,13,12
,13,4
,13,9
,13,4
,13,6
,13,6
,13,4
,13,42
,13,3
,13,2
Z,13,4
,13,5
,13,9
,13,5
_,13,0
,13,5
,13,7
ֺ,13,4
,13,115
p,13,28
,13,4
,13,0
,13,7
O,13,0
,13,12
,13,1
,13,1
,13,5
D,13,0
A,13,2
,13,2
,13,35
,13,7
ͪ,13,6
,13,58
,13,3
,13,67
,13,8
l,13,1
ȣ,13,1
,13,3
,13,8
G,13,12
Ѩ,13,4
,13,1
,13,5
Z,13,19
,13,4
,13,6
,13,6
,13,4
s,13,6
҅,13,10
Ǻ,13,2
,12,5
,12,5
,12,6
ئ,12,9
,12,0
,12,11
,12,5
,12,1
,12,3
,12,0
,12,0
,12,4
,12,2
,12,35
,12,7
,12,2
,12,3
,12,25
,12,3
ݽ,12,10
֬,12,84
Y,12,0
,12,7
T,12,2
̻,12,0
,12,2
,12,1
,12,0
,12,10
f,12,0
,12,2
צ,12,6
,12,6
,12,5
,12,5
,12,8
,12,5
,12,2
˭,12,10
,12,11
ݪ,12,17
,12,2
,12,3
,12,1
,12,6
,12,2
,12,4
,12,8
,12,12
ȩ,12,1
U,12,0
J,12,0
,12,2
,12,54
,12,3
k,12,34
,12,2
Z,12,6
,12,9
̧,12,9
ȶ,12,5
,12,5
,12,0
,12,2
,12,40
,12,3
,12,2
,12,1
,12,4
,12,5
,12,23
,12,2
ƃ,12,24
,12,5
ۣ,12,93
,12,3
,12,4
,12,2
Ǵ,12,3
,12,23
,12,5
,12,13
,12,140
,12,3
,12,4
H,12,5
,12,8
,11,8
°,11,7
Ъ,11,7
K,11,1
,11,0
,11,6
t,11,0
,11,0
V,11,0
,11,12
},11,5
,11,8
,11,8
,11,10
ɿ,11,7
,11,5
,11,7
,11,6
l,11,0
,11,29
,11,8
,11,1
,11,7
_,11,1
,11,5
,11,74
,11,0
,11,55
,11,1
̾,11,6
,11,16
,11,3
,11,4
P,11,7
,11,5
ġ,11,4
,11,12
ʹ,11,3
Ͻ,11,2
ص,11,6
,11,0
,11,3
,11,17
,11,2
,11,2
,11,1
,11,4
,11,8
v,11,6
B,11,4
,11,3
,11,17
l,11,0
k,11,0
,11,21
,11,151
,11,5
ߗ,11,1
,11,2
,11,2
,11,3
,11,61
,11,3
,11,1
,11,5
Ҵ,11,4
,11,3
,11,4
,11,5
,11,5
,11,2
,11,11
,11,7
,11,5
,11,7
,11,1
,11,6
,11,1
,11,5
,11,11
,11,4
,11,3
,11,3
,11,5
з,11,10
,11,6
й,11,3
,11,16
,11,12
C,11,6
,11,4
,10,50
,10,7
f,10,0
,10,7
,10,5
ڭ,10,4
,10,7
,10,1
Ӽ,10,17
,10,20
,10,6
,10,10
,10,3
,10,2
,10,1
ϱ,10,38
,10,3
ѻ,10,4
,10,3
߹,10,12
,10,3
,10,2
,10,12
,10,0
,10,2
,10,0
,10,5
,10,3
,10,1
,10,3
ِ,10,4
,10,13
,10,6
̱,10,2
,10,3
,10,2
A,10,0
,10,8
,10,0
,10,12
,10,10
,10,2
,10,5
s,10,12
,10,5
,10,18
Q,10,1
,10,18
n,10,28
,10,0
,10,36
,10,3
¨,10,8
,10,1
ι,10,4
,10,0
,10,1
,10,63
ܡ,10,1
,10,8
ժ,10,4
,10,5
©,10,7
,10,2
Ӭ,10,0
,10,5
,10,0
,10,5
,10,8
,10,6
g,10,1
ˣ,10,4
I,10,2
,10,0
,10,4
ݹ,10,0
,10,2
,10,2
,10,2
,10,10
Ͼ,10,42
է,10,1
,10,0
,10,3
,10,1
,10,18
,10,7
,10,4
,10,0
,9,2
ک,9,11
,9,2
,9,0
,9,8
g,9,5
o,9,0
,9,45
,9,0
س,9,4
,9,34
b,9,4
,9,1
,9,5
,9,0
Ӗ,9,0
,9,2
,9,1
f,9,1
Ȣ,9,7
,9,4
,9,3
ޡ,9,16
,9,12
,9,4
,9,2
,9,12
,9,2
,9,6
,9,17
,9,12
,9,3
,9,2
,9,2
,9,7
,9,1
,9,2
,9,3
,9,8
,9,2
բ,9,6
,9,6
,9,2
,9,7
۴,9,4
,9,25
f,9,5
{,9,6
,9,0
,9,2
,9,0
,9,13
,9,33
,9,7
_,9,5
^,9,10
,9,2
,9,4
I,9,0
,9,32
V,9,13
[,9,5
,9,1
{,9,1
,9,1
,9,5
,9,10
,9,10
,9,5
,9,5
,9,3
,9,6
\,9,4
,9,4
,9,2
,9,1
,9,8
,9,2
,9,8
,9,4
,9,2
B,9,2
,9,1
],9,5
\,9,2
r,9,9
Q,9,0
,9,2
,9,3
,9,0
,9,5
,9,8
C,9,2
,9,1
̣,9,8
ܤ,9,2
,9,3
,9,0
Ϩ,9,3
,9,6
,9,9
,9,5
,9,4
,9,8
,9,2
,9,5
,9,8
,9,10
,9,0
,9,2
ͱ,9,4
,9,3
,8,4
,8,0
,8,3
t,8,10
,8,1
,8,4
c,8,24
,8,0
,8,1
§,8,0
ֽ,8,43
Ƣ,8,5
,8,4
|,8,2
,8,3
,8,2
,8,2
,8,1
,8,2
},8,0
o,8,5
ٝ,8,0
,8,2
,8,13
,8,4
,8,7
۩,8,3
,8,7
,8,39
,8,2
w,8,3
,8,3
,8,7
,8,1
],8,0
,8,3
,8,5
,8,4
,8,0
,8,2
,8,5
ɲ,8,16
,8,9
,8,2
,8,1
,8,1
ɶ,8,6
,8,2
,8,2
,8,0
,8,0
,8,2
,8,0
,8,9
į,8,11
,8,5
,8,3
ޭ,8,7
,8,1
,8,1
,8,1
y,8,3
,8,7
},8,7
,8,32
O,8,56
,8,2
,8,2
,8,0
,8,1
,8,4
p,8,8
,8,2
Ǒ,8,5
,8,3
,8,0
ؿ,8,4
,8,1
,8,0
ˤ,8,5
,8,1
,8,9
ɩ,8,345
ž,8,10
,8,2
ڣ,8,1
ݡ,8,5
,8,1
,8,4
h,8,1
,8,2
ٱ,8,1
¿,8,1
,8,5
,8,0
,8,8
p,8,6
,8,1
,8,2
,8,2
,8,4
,8,8
r,8,2
,8,5
,8,7
,8,6
V,8,1
,8,4
\,8,1
,8,9
,8,5
,8,6
,8,4
,8,0
{,8,3
,8,248
ɏ,8,15
å,8,3
,8,0
,8,1
,8,2
G,8,12
͹,7,4
,7,1
˦,7,36
,7,3
ƅ,7,1
,7,4
,7,1
,7,22
,7,1
,7,4
s,7,34
,7,3
̚,7,0
,7,8
,7,5
[,7,3
,7,4
,7,1
,7,3
ޢ,7,5
,7,14
,7,4
,7,5
c,7,2
,7,0
,7,4
,7,0
,7,1
,7,2
,7,1
,7,7
,7,3
p,7,2
g,7,8
,7,2
V,7,0
,7,2
,7,0
,7,16
,7,1
,7,4
,7,5
,7,2
,7,4
O,7,0
H,7,1
r,7,8
,7,5
u,7,22
,7,3
ʭ,7,3
,7,4
,7,3
,7,1
϶,7,3
,7,1
,7,0
h,7,0
,7,8
,7,6
,7,0
,7,6
,7,1
,7,5
,7,3
,7,0
,7,2
m,7,1
,7,3
,7,17
,7,0
,7,5
,7,5
,7,0
,7,1
,7,0
,7,0
x,7,8
,7,1
Թ,7,7
,7,5
,7,3
,7,4
,7,9
I,7,5
,7,13
,7,2
,7,6
E,7,2
,7,2
,7,2
,7,5
,7,3
,7,19
,7,4
,7,1
,7,2
,7,4
,7,0
Ƨ,7,2
,7,7
t,7,7
,7,5
,7,2
,7,2
,7,0
,7,3
,7,11
,7,1
H,7,0
,7,7
H,7,2
,7,2
,7,4
,7,3
Ż,7,5
,7,4
,7,0
,7,8
,7,42
,7,0
,7,45
,7,1
,7,4
H,7,18
,7,3
,7,3
,7,16
,7,5
,7,1
H,7,3
l,7,0
,7,1
,7,1
,7,6
,7,15
,7,0
,7,0
,7,1
,7,1
q,7,2
,7,14
b,7,0
,7,2
ݾ,6,4
,6,2
,6,0
m,6,0
,6,4
ʟ,6,3
,6,7
n,6,2
,6,5
,6,20
,6,1
,6,0
,6,3
t,6,2
,6,2
e,6,0
,6,0
,6,15
t,6,4
,6,2
Q,6,1
,6,1
,6,1
o,6,2
ܸ,6,2
,6,0
,6,6
,6,0
c,6,1
,6,3
,6,7
,6,8
,6,2
۰,6,2
,6,3
e,6,14
,6,0
,6,18
,6,2
,6,3
s,6,0
,6,7
Y,6,1
ӛ,6,1
,6,0
ԏ,6,0
ձ,6,5
ѥ,6,0
,6,3
,6,3
,6,5
,6,0
t,6,0
v,6,2
,6,4
,6,2
,6,9
,6,2
,6,7
,6,2
к,6,1
,6,34
,6,1
,6,1
,6,1
R,6,8
,6,16
,6,1
,6,0
R,6,2
,6,3
,6,3
,6,2
|,6,6
,6,2
Ƴ,6,1
ɻ,6,1
\,6,1
,6,6
V,6,2
,6,1
ե,6,1
,6,2
,6,17
,6,2
m,6,0
,6,3
,6,0
W,6,1
,6,0
,6,3
H,6,0
,6,2
š,6,8
,6,20
,6,2
,6,1
l,6,0
м,6,2
,6,1
,6,5
,6,3
],6,5
,6,6
,6,4
,6,8
m,6,1
r,6,1
,6,0
n,6,1
,6,6
,6,2
,6,2
,6,2
,6,6
,6,1
,6,3
,6,0
,6,0
,6,1
,6,1
,6,1
,6,4
,6,5
u,6,5
,6,0
ٸ,6,1
,6,11
|,6,0
,6,1
Ǥ,6,5
ն,6,2
,6,2
,6,0
,6,2
,6,5
,6,6
,6,0
x,6,1
,6,5
,6,19
k,6,1
,6,4
j,6,0
,6,2
,6,4
,6,4
,6,2
,6,4
k,6,0
թ,6,2
,6,2
,6,4
,6,2
,6,2
,6,4
,6,2
,6,3
զ,6,6
V,6,2
h,6,2
z,6,0
,6,5
,6,1
,6,7
,6,3
~,6,3
,6,4
,6,4
,6,3
R,6,1
,6,3
,6,1
,5,3
Ҋ,5,0
,5,2
W,5,3
,5,3
,5,9
,5,0
z,5,16
,5,5
,5,71
,5,3
,5,4
S,5,0
,5,1
L,5,2
,5,2
,5,0
,5,2
,5,3
,5,5
,5,0
A,5,1
ծ,5,3
,5,0
Ȭ,5,1
,5,2
,5,4
,5,7
ֳ,5,2
߯,5,1
,5,1
,5,3
B,5,0
,5,3
̢,5,5
,5,2
,5,0
,5,4
ڷ,5,0
z,5,1
,5,8
,5,0
,5,2
,5,7
,5,2
,5,2
,5,2
,5,6
,5,0
,5,0
,5,4
,5,1
,5,1
Ю,5,7
,5,8
,5,0
y,5,0
,5,0
,5,0
,5,1
,5,0
ܧ,5,4
,5,2
,5,1
,5,1
,5,3
,5,1
,5,0
,5,1
,5,4
,5,9
,5,0
,5,45
,5,0
,5,1
f,5,1
,5,1
,5,3
,5,4
,5,5
,5,4
ݮ,5,25
,5,6
,5,0
,5,4
,5,16
,5,0
,5,0
,5,95
,5,2
,5,1
,5,2
,5,3
,5,4
,5,6
٣,5,9
׵,5,4
,5,6
,5,3
,5,0
,5,7
\,5,0
a,5,1
,5,2
,5,0
,5,0
,5,1
,5,0
_,5,0
,5,12
,5,0
,5,0
,5,3
,5,3
,5,1
,5,2
,5,13
,5,1
,5,1
,5,1
,5,11
٦,5,1
,5,2
٭,5,1
,5,1
,5,1
R,5,1
,5,2
,5,8
,5,3
,5,0
,5,9
,5,0
,5,7
,5,1
,5,1
ڌ,5,1
T,5,0
,5,4
,5,1
,5,7
,5,1
,5,3
²,5,0
,5,3
u,5,11
,5,0
,5,0
,5,4
,5,0
,5,4
޴,5,0
,5,5
,5,1
m,5,3
m,5,0
,5,2
,5,1
֢,5,0
,5,1
,5,2
ˇ,5,2
,5,0
,5,0
,5,9
,5,0
K,5,0
,5,1
,5,2
g,5,0
,5,3
,5,3
,5,1
_,5,0
n,5,0
,5,8
l,5,1
,5,3
o,5,6
,5,11
,5,2
,5,1
,5,0
,5,0
,5,2
,5,1
ɬ,5,4
u,5,0
,5,4
,5,2
R,5,2
,5,2
,5,0
,5,3
,5,0
,5,0
,5,0
,5,2
g,5,1
a,5,3
g,5,2
,5,0
,5,0
,5,2
׽,5,6
,5,2
,5,1
,5,1
,5,0
w,5,1
,5,0
,5,2
,5,16
,5,2
R,5,0
,5,2
Z,5,13
,5,2
,5,1
,4,3
,4,3
,4,5
,4,0
y,4,2
,4,3
N,4,0
,4,0
,4,2
,4,3
`,4,0
,4,2
,4,2
,4,0
,4,2
O,4,0
L,4,0
,4,2
,4,0
~,4,0
,4,0
n,4,1
,4,2
,4,1
,4,0
,4,0
J,4,0
,4,4
,4,0
q,4,20
{,4,2
Ĩ,4,4
G,4,0
,4,3
,4,0
,4,0
ڨ,4,3
y,4,0
,4,22
ǒ,4,2
,4,5
,4,0
[,4,3
ߵ,4,2
,4,1
,4,0
ɷ,4,1
,4,12
,4,1
֜,4,1
,4,2
,4,1
,4,3
,4,0
u,4,0
,4,2
,4,4
,4,1
m,4,1
,4,3
,4,0
,4,2
y,4,0
x,4,1
,4,0
R,4,1
,4,5
Ы,4,1
C,4,0
,4,0
,4,0
,4,6
,4,0
,4,1
ʺ,4,4
,4,3
,4,2
D,4,5
,4,1
,4,1
F,4,1
,4,2
,4,5
,4,3
l,4,2
D,4,0
b,4,8
,4,0
,4,3
,4,6
,4,1
,4,0
,4,11
,4,2
,4,0
{,4,0
,4,0
,4,0
,4,6
,4,0
S,4,0
,4,0
ޤ,4,4
՚,4,2
,4,3
,4,2
G,4,1
D,4,0
,4,2
b,4,0
,4,1
,4,9
R,4,0
q,4,6
{,4,0
,4,3
,4,0
,4,1
,4,4
,4,0
,4,0
K,4,0
,4,1
,4,0
,4,1
,4,0
,4,1
t,4,0
,4,1
,4,2
,4,1
,4,1
,4,3
_,4,0
o,4,0
M,4,1
ٰ,4,0
,4,0
w,4,11
p,4,0
p,4,3
ݱ,4,2
ɱ,4,5
,4,1
\,4,1
,4,0
h,4,0
,4,1
,4,2
,4,0
,4,2
,4,8
,4,2
,4,0
,4,2
,4,3
,4,6
,4,8
,4,0
J,4,0
,4,4
,4,2
,4,0
,4,2
|,4,8
,4,1
ݭ,4,2
,4,1
Ȅ,4,0
,4,1
,4,1
g,4,1
ߡ,4,1
,4,14
,4,7
,4,0
,4,1
,4,4
,4,9
i,4,2
,4,0
,4,1
,4,0
,4,0
ܩ,4,1
],4,0
`,4,0
k,4,8
,4,5
,4,3
,4,0
,4,2
A,4,4
,4,0
P,4,4
,4,3
,4,1
j,4,0
k,4,0
,4,1
i,4,3
,4,2
ӝ,4,4
,4,1
,4,1
^,4,4
,4,1
ɦ,4,0
`,4,0
^,4,0
,4,1
,4,0
,4,0
,4,0
x,4,0
E,4,0
,4,11
,4,0
,4,2
,4,0
,4,2
,4,0
,4,0
,4,1
,4,1
h,4,3
J,4,0
,4,0
ۧ,4,22
,4,5
,4,2
|,4,2
,4,0
,4,2
,4,2
ٹ,4,3
,4,1
,4,1
,4,3
\,4,2
,4,1
,4,0
o,4,1
a,4,3
s,4,28
,4,0
C,4,1
,4,0
d,4,3
,4,3
,4,0
Z,4,8
,4,3
X,4,0
,3,0
Z,3,0
,3,2
,3,0
,3,0
ٿ,3,2
q,3,1
,3,1
,3,2
D,3,1
֨,3,4
,3,20
,3,1
],3,0
F,3,1
,3,1
O,3,1
ד,3,0
,3,0
],3,0
M,3,0
g,3,3
,3,1
,3,5
,3,2
C,3,1
,3,0
,3,0
J,3,0
,3,2
q,3,4
߿,3,2
,3,1
V,3,0
,3,0
o,3,0
z,3,0
ʕ,3,3
C,3,2
޺,3,2
,3,3
p,3,2
,3,0
L,3,2
K,3,0
p,3,1
,3,0
Ț,3,0
m,3,1
X,3,2
,3,2
,3,1
ʀ,3,7
A,3,1
,3,0
,3,1
ܱ,3,0
,3,1
,3,0
,3,1
|,3,3
,3,3
,3,0
,3,3
,3,0
,3,1
,3,0
,3,1
z,3,1
,3,0
x,3,1
,3,1
,3,6
,3,0
N,3,7
,3,0
,3,1
U,3,1
G,3,1
±,3,0
,3,1
,3,7
h,3,2
,3,1
,3,0
,3,0
{,3,3
,3,0
,3,1
,3,0
,3,1
{,3,1
K,3,0
,3,0
,3,1
,3,0
],3,0
`,3,0
,3,0
,3,2
m,3,1
,3,0
,3,2
,3,0
,3,49
I,3,0
,3,10
,3,1
I,3,1
,3,4
,3,0
,3,0
,3,0
w,3,0
p,3,0
,3,2
\,3,3
,3,5
,3,4
u,3,0
,3,1
Ќ,3,0
,3,22
Ξ,3,0
,3,0
,3,1
L,3,0
,3,0
,3,2
,3,0
,3,4
,3,0
,3,4
,3,0
,3,0
,3,0
,3,0
ާ,3,0
,3,10
,3,2
,3,0
ƨ,3,1
R,3,3
,3,1
k,3,0
,3,0
,3,3
,3,0
,3,1
O,3,1
,3,1
,3,0
,3,0
,3,2
M,3,0
,3,1
,3,0
O,3,0
,3,0
,3,0
,3,0
ض,3,0
,3,1
,3,0
,3,0
i,3,0
,3,7
z,3,3
,3,0
Ԁ,3,0
,3,3
,3,0
,3,4
,3,3
,3,2
,3,0
ɤ,3,2
,3,1
,3,2
,3,3
ږ,3,0
[,3,0
,3,0
,3,2
A,3,4
O,3,1
Q,3,1
˜,3,11
Ҏ,3,0
,3,4
_,3,1
,3,0
{,3,0
,3,1
,3,1
\,3,1
,3,2
,3,0
,3,2
,3,3
,3,1
,3,4
,3,1
,3,0
ފ,3,0
,3,0
,3,0
a,3,1
h,3,0
,3,1
߄,3,0
`,3,0
O,3,0
x,3,1
߷,3,4
X,3,0
_,3,8
K,3,0
,3,3
,3,0
,3,2
,3,1
Q,3,0
,3,0
Y,3,2
a,3,0
U,3,1
M,3,0
,3,1
,3,0
ݢ,3,0
s,3,0
E,3,1
i,3,1
,3,1
ޒ,3,0
,3,0
,3,1
,3,2
,3,0
,3,0
,3,1
,3,0
,3,6
,3,1
,3,0
ҭ,3,1
,3,1
y,3,2
,3,1
E,3,2
,3,0
,3,3
,3,0
,3,5
,3,1
,3,1
,3,2
,3,1
e,3,0
,3,1
z,3,1
,3,2
O,3,0
,3,1
,3,2
a,3,0
,3,1
,3,2
I,3,0
,3,4
,3,0
,3,0
,3,0
۵,3,0
d,3,0
,3,2
,3,1
,3,1
,3,2
,3,0
,3,1
z,3,1
,3,0
,3,1
,3,5
v,3,0
,3,0
,3,3
j,3,2
w,3,0
[,3,2
,3,0
},3,1
,3,3
x,3,0
,3,1
v,3,0
,3,4
׃,3,1
խ,3,2
,3,1
,3,0
,3,0
,3,1
,3,1
,3,1
,3,1
,3,0
,3,4
Ȉ,3,4
A,3,4
,3,6
Y,3,0
,3,1
,3,1
O,3,1
,3,0
y,3,0
,3,3
,3,1
,3,0
ܻ,3,3
,3,2
,3,0
D,3,0
,3,0
,3,0
,3,2
s,3,4
˱,3,0
,3,0
,3,0
,3,0
,3,2
@,3,0
@,3,0
,3,1
,3,1
,3,2
A,3,0
,3,7
ت,3,2
,3,1
,3,0
g,3,2
w,3,0
,3,0
C,3,0
,3,0
n,3,2
,3,0
,3,0
,3,8
,3,3
\,3,0
,3,0
R,3,1
b,3,7
,3,0
,3,0
,3,2
,3,0
,3,0
ߔ,3,0
,3,0
,3,0
,3,1
,3,2
̌,3,0
d,3,2
,3,3
,3,3
,3,2
ً,3,2
,3,1
,3,0
f,3,3
l,3,0
,3,0
,3,7
T,2,0
t,2,0
,2,1
l,2,1
,2,0
K,2,0
,2,2
,2,3
,2,0
k,2,0
p,2,1
Ĥ,2,5
,2,0
,2,1
J,2,0
n,2,0
j,2,0
,2,2
,2,0
,2,0
n,2,2
,2,0
,2,1
,2,0
k,2,0
,2,3
h,2,0
,2,2
Ә,2,0
S,2,1
,2,0
a,2,0
,2,0
G,2,0
,2,1
,2,0
إ,2,4
,2,0
w,2,0
I,2,0
l,2,2
j,2,0
\,2,1
G,2,1
,2,0
,2,1
,2,2
Z,2,1
,2,0
ߢ,2,3
D,2,0
,2,6
g,2,0
M,2,1
,2,2
,2,0
],2,1
,2,1
b,2,2
m,2,0
,2,0
,2,1
R,2,0
,2,5
,2,0
,2,1
,2,0
,2,1
e,2,2
,2,0
,2,3
m,2,0
,2,1
L,2,1
,2,0
,2,5
,2,5
,2,0
,2,0
,2,0
,2,0
i,2,4
,2,0
,2,6
{,2,0
,2,0
,2,0
,2,0
,2,3
,2,0
,2,3
,2,0
,2,0
,2,1
,2,1
,2,6
,2,0
,2,0
,2,0
,2,0
,2,0
r,2,0
,2,0
P,2,0
,2,0
,2,2
P,2,0
,2,0
,2,0
G,2,1
Q,2,0
~,2,0
,2,0
U,2,1
,2,0
,2,1
,2,0
,2,0
,2,0
,2,0
C,2,0
,2,0
,2,0
,2,2
,2,0
,2,0
,2,0
,2,0
@,2,0
,2,2
,2,2
,2,25
Ԅ,2,0
,2,3
,2,0
,2,1
,2,0
ؼ,2,0
,2,1
,2,1
i,2,6
,2,2
,2,2
,2,0
,2,4
v,2,2
,2,0
,2,10
D,2,0
,2,0
Q,2,2
,2,1
,2,0
,2,3
Ҹ,2,2
,2,0
,2,0
,2,0
,2,4
x,2,1
,2,0
,2,3
,2,1
,2,0
C,2,0
h,2,0
,2,0
,2,1
H,2,0
b,2,0
,2,5
,2,0
L,2,0
m,2,1
X,2,0
,2,1
b,2,0
w,2,1
,2,3
,2,0
,2,1
@,2,0
,2,1
,2,1
W,2,0
U,2,0
k,2,0
,2,0
N,2,0
,2,0
,2,2
,2,2
N,2,0
ޣ,2,3
,2,1
o,2,0
j,2,0
b,2,0
,2,0
,2,4
,2,0
߻,2,0
,2,0
ܬ,2,12
,2,0
G,2,0
,2,0
,2,1
I,2,0
,2,0
,2,0
,2,1
i,2,0
,2,0
,2,0
,2,3
,2,0
,2,0
Ȳ,2,1
S,2,0
A,2,0
,2,0
,2,0
,2,1
,2,0
,2,1
,2,2
,2,8
b,2,0
,2,0
Ű,2,0
M,2,0
@,2,1
,2,1
,2,2
,2,1
@,2,0
[,2,1
,2,0
|,2,0
,2,0
,2,0
W,2,0
,2,0
,2,1
,2,1
,2,0
J,2,1
,2,5
,2,0
,2,0
ܨ,2,0
,2,0
,2,0
,2,6
,2,0
V,2,0
,2,2
ٷ,2,0
D,2,0
,2,0
,2,0
J,2,4
n,2,1
Ǎ,2,1
,2,2
,2,0
,2,1
@,2,0
T,2,0
,2,2
,2,8
h,2,0
,2,2
,2,1
Q,2,0
C,2,0
,2,4
S,2,14
,2,2
Y,2,0
,2,0
,2,0
j,2,1
,2,0
,2,0
޽,2,1
t,2,0
,2,1
,2,1
ܶ,2,5
c,2,1
,2,0
Y,2,0
,2,1
,2,0
,2,0
,2,0
,2,3
a,2,1
,2,0
,2,0
,2,0
,2,2
,2,2
v,2,1
{,2,0
A,2,0
,2,1
w,2,0
,2,2
Z,2,1
,2,1
,2,1
M,2,0
Ǐ,2,0
,2,0
,2,1
ڔ,2,2
,2,7
,2,0
z,2,0
,2,1
a,2,0
,2,0
,2,2
,2,7
,2,1
,2,0
D,2,2
j,2,0
j,2,5
,2,2
X,2,0
,2,0
,2,0
W,2,2
,2,0
,2,0
,2,0
,2,0
ڪ,2,0
,2,0
l,2,0
,2,0
ʁ,2,2
,2,0
T,2,0
,2,0
ʊ,2,0
,2,0
,2,9
{,2,1
m,2,1
,2,1
,2,0
],2,0
,2,3
,2,0
,2,0
,2,1
,2,2
,2,0
t,2,0
j,2,0
,2,1
,2,1
i,2,2
R,2,13
,2,0
o,2,4
,2,1
,2,1
y,2,0
L,2,0
,2,0
,2,0
,2,1
,2,1
v,2,2
,2,15
,2,0
z,2,1
­,2,0
d,2,0
r,2,2
,2,0
,2,0
,2,0
۹,2,0
,2,0
K,2,2
D,2,0
ۜ,2,0
,2,5
,2,1
Y,2,1
,2,3
,2,0
,2,4
w,2,0
L,2,0
,2,23
M,2,3
,2,0
u,2,5
q,2,0
h,2,0
h,2,0
,2,0
M,2,0
C,2,13
,2,0
,2,1
ߧ,2,0
,2,1
C,2,0
,2,0
,2,0
G,2,2
k,2,1
,2,2
R,2,0
f,2,0
a,2,0
,2,0
,2,0
s,2,0
A,2,0
,2,0
,2,1
\,2,0
,2,1
G,2,0
A,2,1
,2,0
,2,0
,2,1
I,2,0
ű,2,0
,2,0
,2,0
M,2,0
ك,2,0
,2,0
,2,4
,2,1
,2,0
,2,0
,2,1
^,2,1
Q,2,0
,2,1
,2,0
,2,0
,2,0
,2,4
k,2,0
b,2,0
g,2,0
r,2,1
a,2,0
,2,0
,2,1
,2,0
,2,1
W,2,1
,2,1
,2,0
,2,0
,2,0
},2,0
,2,1
,2,0
,2,5
H,2,5
Z,2,0
~,2,0
,2,2
@,2,0
,2,0
ݨ,2,2
|,2,0
,2,1
Ơ,2,0
,2,3
,2,1
Ñ,2,1
ȍ,2,0
,2,1
,2,0
~,2,0
k,2,0
,2,0
,2,0
ۮ,2,0
,2,2
,2,1
t,2,0
J,2,1
,2,0
,2,0
,2,0
],2,0
ء,2,1
b,2,0
,2,1
s,2,0
X,2,0
{,2,3
,2,0
,2,1
,2,1
,2,0
,2,0
,2,0
c,2,1
,2,1
,2,0
,2,0
C,2,0
P,2,0
,2,0
m,2,0
Ӹ,2,1
,2,0
,2,0
x,2,0
ʈ,2,0
k,2,3
d,2,0
,2,0
w,2,0
,2,1
g,2,0
,2,0
,2,5
,2,1
,2,0
,2,0
],2,0
[,2,1
,2,3
ܦ,2,2
,2,0
\,2,4
,2,1
l,2,3
e,2,0
,2,0
,2,1
,2,0
V,2,0
,2,0
f,2,1
,2,0
R,2,0
,2,1
h,2,0
Ο,2,0
c,2,2
,2,0
,2,0
N,2,2
w,2,0
,2,0
,2,0
^,2,0
a,2,0
,2,1
I,2,0
,2,0
,2,0
m,2,0
Η,2,2
b,2,0
,2,0
߽,2,9
,2,1
,2,0
ؐ,2,1
h,2,0
,2,0
],2,1
,2,0
,2,1
,2,0
,2,1
e,2,0
,2,6
@,2,0
,2,0
V,2,0
,2,2
,2,0
,2,1
d,2,0
P,2,4
,2,0
ג,2,1
,2,0
W,2,0
,2,1
޵,2,1
Ê,2,0
,2,0
,2,2
,2,0
,2,2
f,2,0
,2,0
,2,7
,2,3
,2,2
,2,2
,2,1
j,2,0
E,2,1
,2,1
,2,4
,2,0
̖,2,0
,2,10
K,2,0
,2,0
,2,0
,2,0
j,2,5
,2,0
A,2,0
߅,2,1
[,2,0
,2,1
,2,0
ؗ,2,1
,2,28
,2,0
,2,6
,2,0
,2,0
,2,0
f,2,0
,2,0
,2,0
s,2,2
,2,0
,2,0
A,2,0
,2,2
,2,1
¸,2,1
,2,0
,2,0
۔,2,0
֔,2,0
,2,1
,2,2
s,2,0
G,2,0
,2,1
,2,4
,2,0
,2,4
[,2,0
,2,2
,2,5
V,2,2
x,2,2
,2,2
,2,0
c,2,0
,2,0
,2,2
,2,0
,2,0
,2,0
ǟ,2,0
Ӓ,2,0
,2,0
,2,0
],2,1
,2,2
h,2,0
,2,2
,2,0
,2,0
,2,1
,2,2
J,2,0
,2,5
ɑ,2,2
,2,0
,2,0
,2,2
I,2,0
x,2,0
,2,0
,2,2
߳,2,0
,2,2
,2,3
N,2,0
,2,6
,2,1
@,2,1
,2,0
P,2,0
,2,0
̰,2,0
,1,0
,1,2
D,1,0
J,1,0
,1,1
,1,14
,1,0
,1,0
,1,0
h,1,0
d,1,0
c,1,0
,1,0
,1,0
,1,0
u,1,0
,1,0
,1,2
,1,0
,1,1
S,1,0
C,1,0
ӌ,1,0
,1,0
,1,0
ق,1,0
|,1,0
W,1,3
,1,0
,1,0
^,1,0
,1,0
_,1,0
},1,0
b,1,0
,1,2
,1,0
d,1,0
,1,0
,1,0
{,1,3
,1,0
,1,0
L,1,0
,1,3
,1,0
M,1,0
r,1,0
Z,1,1
,1,0
,1,0
,1,0
i,1,0
,1,2
_,1,0
H,1,0
,1,0
,1,0
o,1,0
Ƌ,1,0
̵,1,2
,1,1
,1,0
,1,1
,1,0
Y,1,0
,1,1
,1,0
ſ,1,3
o,1,0
,1,2
u,1,0
,1,0
s,1,0
,1,0
,1,0
,1,0
,1,0
,1,0
,1,1
ә,1,0
g,1,1
i,1,0
u,1,2
,1,2
,1,0
,1,0
,1,0
,1,0
,1,1
~,1,0
{,1,0
a,1,0
x,1,0
,1,0
d,1,0
h,1,1
޻,1,0
E,1,0
,1,0
,1,0
֚,1,0
,1,0
,1,0
,1,0
,1,1
ߪ,1,0
y,1,0
S,1,1
,1,0
Y,1,1
,1,0
,1,0
s,1,1
,1,0
,1,0
,1,0
,1,0
,1,1
,1,1
,1,0
,1,0
,1,0
g,1,0
Z,1,1
~,1,1
O,1,0
U,1,0
,1,0
P,1,1
,1,0
{,1,0
,1,1
,1,0
\,1,0
,1,0
Q,1,0
n,1,1
,1,0
_,1,0
m,1,1
,1,0
a,1,1
,1,0
,1,0
,1,1
c,1,0
,1,1
֕,1,0
,1,1
Ǟ,1,3
,1,0
H,1,1
,1,12
,1,1
,1,1
A,1,0
m,1,0
,1,0
S,1,0
,1,0
S,1,0
,1,0
,1,0
,1,0
A,1,0
},1,0
i,1,0
I,1,0
ր,1,0
,1,1
,1,0
Ј,1,0
Z,1,0
w,1,0
f,1,0
,1,0
,1,0
,1,0
,1,0
e,1,1
,1,0
,1,0
,1,1
,1,0
u,1,0
\,1,0
,1,0
,1,3
ˑ,1,0
,1,1
á,1,8
,1,0
,1,0
},1,0
J,1,0
,1,0
,1,0
,1,0
,1,0
b,1,0
Y,1,0
,1,0
,1,3
P,1,1
,1,0
N,1,0
,1,0
,1,0
V,1,2
,1,0
`,1,5
,1,0
T,1,0
,1,0
,1,1
C,1,0
֑,1,0
g,1,0
Q,1,0
,1,1
R,1,0
I,1,0
,1,0
y,1,0
~,1,0
,1,0
,1,0
S,1,1
u,1,0
,1,0
ڈ,1,1
,1,0
Ŋ,1,0
Q,1,0
,1,0
c,1,1
,1,3
h,1,0
_,1,0
,1,0
,1,0
,1,1
,1,0
,1,0
,1,1
,1,1
I,1,0
ۻ,1,1
,1,0
,1,2
,1,2
r,1,0
I,1,0
,1,0
,1,0
,1,0
b,1,0
ݛ,1,0
\,1,0
,1,1
,1,0
,1,2
,1,0
,1,0
,1,0
,1,0
,1,0
,1,0
,1,0
W,1,0
,1,0
e,1,0
ń,1,0
,1,0
i,1,0
Ԉ,1,1
,1,0
,1,0
L,1,0
M,1,0
`,1,0
,1,0
Ђ,1,0
,1,0
Q,1,2
Ǝ,1,0
,1,1
,1,0
,1,0
,1,0
,1,0
,1,0
,1,0
w,1,3
,1,0
,1,1
,1,0
z,1,0
,1,0
,1,0
,1,0
,1,0
,1,0
,1,0
N,1,0
,1,0
h,1,1
,1,0
G,1,0
Ş,1,0
L,1,0
,1,0
Y,1,0
,1,0
i,1,0
,1,0
,1,0
T,1,0
{,1,1
_,1,0
,1,0
,1,1
,1,2
I,1,0
,1,0
Z,1,0
,1,4
,1,2
,1,1
,1,0
,1,0
d,1,0
R,1,0
,1,3
g,1,0
,1,0
,1,10
,1,0
,1,0
,1,3
,1,0
,1,1
Λ,1,0
,1,0
,1,0
,1,0
,1,0
a,1,0
,1,0
,1,1
,1,0
,1,0
[,1,0
,1,0
,1,1
n,1,2
B,1,1
T,1,0
,1,0
,1,1
l,1,0
,1,0
,1,0
,1,0
,1,0
,1,0
,1,0
g,1,0
H,1,1
j,1,0
v,1,0
,1,0
ۉ,1,1
,1,0
,1,0
,1,0
,1,1
F,1,0
_,1,0
,1,0
,1,0
,1,0
,1,25
,1,0
,1,0
,1,0
,1,0
,1,0
N,1,1
Z,1,0
h,1,0
e,1,0
,1,0
r,1,0
S,1,0
,1,0
V,1,0
,1,0
q,1,0
B,1,0
Г,1,0
,1,0
,1,0
,1,0
,1,0
,1,7
r,1,2
,1,0
V,1,0
L,1,0
,1,0
,1,1
^,1,0
,1,3
,1,0
U,1,0
ˈ,1,0
,1,0
,1,0
,1,0
,1,0
p,1,0
H,1,0
,1,0
,1,0
f,1,1
,1,0
z,1,0
t,1,0
,1,0
,1,1
,1,0
E,1,0
e,1,1
,1,0
{,1,0
R,1,0
U,1,7
,1,0
Z,1,0
,1,0
,1,0
U,1,0
,1,0
,1,2
,1,0
j,1,0
F,1,0
g,1,0
,1,1
,1,0
,1,2
C,1,0
m,1,0
},1,0
,1,1
P,1,0
,1,0
,1,0
Z,1,0
u,1,0
,1,1
,1,0
,1,0
,1,0
t,1,0
Ɣ,1,0
,1,0
M,1,0
,1,1
,1,0
m,1,0
v,1,1
s,1,0
i,1,0
A,1,0
,1,1
P,1,0
V,1,1
,1,0
E,1,0
,1,0
H,1,0
c,1,0
,1,2
,1,0
,1,0
q,1,0
,1,0
H,1,0
i,1,0
V,1,0
,1,0
,1,0
O,1,0
Y,1,0
߀,1,0
,1,0
,1,0
,1,0
p,1,0
,1,0
j,1,1
,1,0
x,1,1
s,1,0
,1,0
ǎ,1,0
x,1,0
,1,3
,1,0
߭,1,0
,1,0
d,1,0
r,1,0
,1,0
,1,1
H,1,1
,1,0
I,1,0
,1,0
I,1,0
,1,0
,1,1
,1,1
,1,0
h,1,0
,1,0
,1,1
d,1,0
@,1,0
F,1,0
,1,5
Ӄ,1,1
{,1,0
e,1,1
y,1,0
X,1,0
,1,0
,1,2
~,1,0
,1,1
,1,0
,1,3
O,1,1
R,1,0
̄,1,1
,1,0
B,1,0
,1,0
,1,0
u,1,0
b,1,0
,1,2
,1,0
K,1,0
,1,0
S,1,0
,1,0
Հ,1,0
W,1,1
,1,0
Ё,1,0
,1,2
Z,1,0
P,1,2
\,1,0
,1,0
q,1,0
f,1,0
,1,0
R,1,0
,1,0
,1,0
,1,1
p,1,0
O,1,3
,1,0
٨,1,0
,1,6
,1,4
,1,1
,1,0
,1,0
,1,0
,1,0
,1,0
E,1,1
,1,0
[,1,1
,1,0
,1,0
ޯ,1,0
@,1,0
,1,0
޶,1,1
t,1,0
,1,0
߰,1,0
X,1,0
,1,1
l,1,0
,1,0
,1,0
Ɨ,1,0
,1,0
x,1,0
t,1,0
,1,0
z,1,0
,1,0
Y,1,0
,1,0
,1,0
,1,0
,1,0
,1,0
,1,1
U,1,0
,1,0
ׅ,1,1
O,1,0
,1,0
,1,0
v,1,0
,1,0
\,1,1
E,1,0
,1,0
,1,0
ɥ,1,0
,1,0
ђ,1,0
,1,0
,1,0
,1,0
҇,1,0
,1,3
O,1,1
s,1,0
,1,2
,1,0
,1,1
,1,2
g,1,0
,1,0
,1,0
Q,1,0
N,1,1
,1,0
,1,0
,1,0
a,1,0
,1,0
՝,1,3
,1,0
ӈ,1,0
,1,5
,1,0
,1,0
,1,2
Z,1,0
,1,1
Ȝ,1,0
,1,0
S,1,1
,1,2
,1,0
,1,0
,1,0
,1,0
,1,0
,1,0
,1,0
,1,0
~,1,1
,1,0
,1,0
,1,0
,1,0
D,1,0
,1,0
h,1,1
,1,0
S,1,0
,1,1
T,1,1
,1,0
,1,0
,1,0
,1,0
,1,0
,1,0
,1,0
y,1,0
ػ,1,1
e,1,0
@,1,0
,1,0
,1,1
X,1,0
,1,0
,1,0
,1,0
,1,0
,1,2
p,1,0
,1,2
Y,1,0
,1,0
,1,0
,1,7
,1,3
d,1,0
X,1,0
t,1,0
`,1,0
_,1,0
,1,0
H,1,1
^,1,5
,1,0
,1,1
Ŏ,1,0
h,1,1
,1,0
,1,0
,1,0
I,1,0
,1,0
,1,0
,1,0
,1,0
,1,1
],1,0
,1,0
,1,0
,1,1
,1,0
,1,2
L,1,0
p,1,0
E,1,0
@,1,0
e,1,0
,1,0
,1,0
@,1,0
,1,0
,1,1
,1,0
,1,0
f,1,0
ߓ,1,2
׌,1,0
,1,1
,1,0
K,1,0
e,1,0
s,1,0
,1,0
q,1,0
,1,0
,1,0
,1,0
,1,2
~,1,0
,1,2
Q,1,0
,1,3
u,1,1
,1,1
r,1,0
y,1,0
,1,0
W,1,0
,1,0
,1,0
,1,0
,1,0
_,1,0
b,1,0
,1,0
J,1,0
,1,0
,1,0
y,1,1
P,1,1
f,1,0
,1,0
,1,2
,1,0
,1,1
,1,2
~,1,0
,1,0
C,1,3
Q,1,0
,1,0
e,1,0
,1,1
,1,0
,1,0
z,1,0
,1,0
R,1,0
,1,0
,1,0
,1,1
,1,0
,1,0
,1,0
,1,1
|,1,1
,1,1
Q,1,0
,1,0
,1,0
,1,0
,1,0
m,1,0
M,1,0
,1,0
,1,0
,1,0
,1,0
E,1,0
,1,0
,1,0
,1,0
,1,9
,1,1
G,1,0
ʋ,1,0
,1,12
,1,0
,1,0
,1,0
,1,2
w,1,0
,1,2
,1,0
,1,0
|,1,0
,1,5
,1,1
,1,0
,1,1
,1,2
q,1,1
ԉ,1,0
L,1,0
,1,0
],1,0
,1,0
,1,0
,1,0
,1,21
,1,0
t,1,1
,1,1
ު,1,0
,1,0
,1,0
_,1,1
,1,0
,1,1
o,1,1
,1,0
,1,3
,1,0
o,1,0
o,1,1
T,1,0
l,1,0
,1,0
t,1,0
,1,2
@,1,3
,1,0
,1,0
,1,0
s,1,0
,1,0
,1,1
,1,0
,1,0
,1,2
,1,1
b,1,0
r,1,0
i,1,0
,1,0
,1,0
,1,0
,1,2
,1,0
,1,0
^,1,0
S,1,0
^,1,0
~,1,0
,1,0
,1,0
,1,0
P,1,0
,1,0
,1,0
^,1,0
u,1,0
ޟ,1,0
,1,0
,1,1
,1,0
ʌ,1,0
,1,0
,1,0
Y,1,1
,1,0
,1,0
t,1,2
~,1,0
,1,1
{,1,1
,1,0
,1,0
`,1,0
f,1,1
,1,0
,1,0
{,1,0
N,1,0
,1,0
,1,1
q,1,0
Y,1,0
o,1,0
,1,0
,1,0
p,1,0
,1,0
,1,0
|,1,0
,1,0
,1,0
,1,2
[,1,0
,1,0
,1,0
,1,0
L,1,0
,1,1
X,1,0
,1,0
,1,0
,1,0
,1,2
^,1,0
,1,0
,1,0
,1,1
i,1,0
b,1,0
T,1,0
܏,1,0
Q,1,0
,1,0
},1,0
,1,0
v,1,0
,1,0
,1,0
V,1,0
޸,1,9
,1,0
j,1,0
a,1,0
,1,2
՘,1,0
M,1,0
G,1,2
o,1,0
,1,0
k,1,0
,1,2
,1,0
,1,0
,1,1
,1,0
,1,0
ڬ,1,0
],1,0
˝,1,0
r,1,0
I,1,0
,1,0
@,1,3
,1,0
,1,0
j,1,0
a,1,0
,1,1
,1,0
,1,0
Q,1,0
,1,0
,1,0
N,1,0
,1,0
,1,2
M,1,0
,1,0
Z,1,2
`,1,0
i,1,1
J,1,0
,1,0
,1,0
V,1,1
,1,0
h,1,0
G,1,0
,1,0
,1,0
Z,1,1
[,1,1
N,1,0
,1,0
۷,1,0
B,1,0
,1,1
,1,3
,1,0
E,1,0
l,1,0
,1,0
,1,0
x,1,0
,1,0
s,1,0
r,1,0
,1,0
,1,0
,1,0
,1,0
,1,0
ڽ,1,0
,1,0
ڧ,1,0
n,1,0
,1,0
,1,0
,1,1
D,1,0
,1,1
i,1,0
v,1,0
j,1,0
,1,0
b,1,0
R,1,0
,1,0
O,1,0
P,1,0
,1,0
,1,0
,1,0
K,1,0
,1,0
ȑ,1,0
,1,0
N,1,0
V,1,0
,1,1
,1,1
,1,0
,1,1
,1,0
n,1,0
@,1,0
,1,2
,1,0
,1,0
_,1,1
,1,0
ǀ,1,1
,1,1
,1,0
,1,0
},1,1
,1,0
,1,0
,1,0
,1,0
r,1,0
,1,0
,1,0
h,1,0
Q,1,0
,1,2
o,1,1
,1,0
߱,1,2
,1,0
T,1,0
V,1,0
,1,0
,1,1
,1,0
,1,0
A,1,0
,1,0
v,1,0
G,1,1
,1,0
G,1,1
Q,1,0
ߦ,1,0
,1,3
,1,0
p,1,0
,1,0
,1,0
,1,0
,1,0
W,1,1
,1,1
,1,0
,1,0
,1,0
,1,0
ڸ,1,0
,1,0
U,1,0
,1,0
R,1,1
,1,0
,1,0
r,1,0
f,1,0
,1,1
S,1,0
,1,0
,1,0
ɟ,1,1
,1,1
,1,0
,1,1
,1,0
@,1,0
,1,1
,1,0
H,1,0
d,1,0
,1,0
Ā,1,1
,1,2
,1,0
т,1,0
u,1,0
j,1,1
C,1,0
,1,2
j,1,0
,1,0
,1,0
~,1,2
,1,3
,1,0
,1,0
Ւ,1,0
,1,0
,1,2
G,1,3
],1,0
_,1,2
ڰ,1,0
,1,0
J,1,0
,1,1
o,1,0
c,1,0
,1,0
},1,0
,1,0
,1,0
,1,0
g,1,1
,1,0
,1,0
,1,0
ۺ,1,1
,1,1
|,1,1
,1,0
,1,0
,1,0
l,1,0
ޙ,1,0
b,1,1
,1,0
,1,4
݈,1,0
G,1,0
G,1,0
,1,0
,1,0
,1,0
a,1,1
ք,1,0
,1,0
,1,0
,1,0
,1,0
,1,2
,1,1
,1,0
\,1,0
,1,0
,1,4
,1,2
P,1,0
,1,0
,1,1
,1,13
j,1,0
A,1,2
K,1,1
Ѝ,1,0
f,1,0
T,1,0
,1,0
,1,1
,1,0
,1,0
,1,1
,1,0
M,1,0
E,1,1
,1,1
J,1,1
H,1,1
H,1,0
,1,0
,1,0
,1,0
,1,0
,1,1
`,1,0
\,1,0
,1,0
j,1,0
,1,1
,1,0
,1,0
,1,1
,1,0
h,1,0
,1,0
q,1,0
,1,0
P,1,0
,1,0
ړ,1,0
Z,1,0
,1,0
D,1,0
,1,0
,1,0
,1,0
a,1,0
`,1,0
@,1,0
E,1,0
,1,0
P,1,0
,1,0
G,1,0
,1,0
,1,0
ܚ,1,0
؞,1,0
,1,0
,1,0
,1,1
,1,0
,1,0
c,1,0
,1,0
p,1,2
ڳ,1,5
a,1,0
L,1,0
,1,0
ރ,1,1
Ś,1,0
ݬ,1,3
F,1,0
U,1,0
S,1,2
,1,1
,1,1
,1,0
,1,0
,1,0
O,1,0
,1,0
,1,0
,1,1
,1,3
,1,0
,1,0
,1,1
,1,0
C,1,1
p,1,0
H,1,0
,1,0
А,1,1
,1,4
Y,1,0
,1,0
,1,0
,1,1
,1,0
X,1,0
i,1,0
,1,1
,1,1
w,1,8
,1,0
{,1,0
J,1,0
۱,1,0
W,1,0
,1,2
Q,1,1
,1,0
,1,0
x,1,0
L,1,1
,1,0
,1,0
O,1,0
,1,0
,1,0
,1,0
,1,0
,1,0
,1,0
,1,0
S,1,0
V,1,0
,1,0
j,1,0
^,1,1
`,1,0
,1,0
Y,1,0
,1,0
,1,0
,1,0
ȇ,1,0
r,1,0
j,1,0
,1,0
U,1,0
,1,0
,1,0
B,1,2
h,1,0
,1,0
,1,0
[,1,0
Б,1,0
,1,0
k,1,0
,1,0
,1,0
I,1,0
m,1,0
,1,0
L,1,1
,1,0
K,1,0
٘,1,0
ŋ,1,1
,1,4
,1,2
},1,0
,1,0
,1,0
,1,0
,1,0
,1,0
,1,0
S,1,0
,1,3
U,1,0
,1,0
,1,1
,1,1
A,1,0
,1,0
n,1,0
,1,0
,1,0
|,1,0
,1,0
,1,0
_,1,3
Q,1,1
,1,0
,1,1
,1,0
],1,0
E,1,0
,1,0
y,1,1
,1,0
,1,0
,1,1
,1,0
,1,0
,1,0
t,1,4
,1,0
v,1,0
,1,0
՜,1,0
e,1,0
T,1,1
q,1,0
,1,0
,1,1
,1,0
,1,0
,1,0
},1,0
Z,1,0
b,1,0
,1,0
,1,0
,1,0
,1,0
,1,0
y,1,0
,1,0
,1,0
,1,0
,1,3
,1,0
ׁ,1,0
u,1,0
,1,1
@,1,0
,1,0
k,1,0
,1,0
[,1,0
ˉ,1,2
,1,1
I,1,1
,1,0
,1,0
,1,8
Д,1,1
,1,0
,1,0
c,1,0
f,1,1
B,1,0
,1,0
,1,0
,1,0
ج,1,0
~,1,0
٪,1,10
g,1,0
g,1,0
ޝ,1,0
j,1,2
,1,0
,1,0
,1,0
,1,0
,1,1
,1,0
,1,0
,1,0
,1,0
,1,2
_,1,1
,1,0
,1,0
H,1,0
i,1,0
,1,3
n,1,1
,1,0
,1,0
L,1,0
ß,1,0
ް,1,0
S,1,0
,1,2
,1,1
,1,0
,1,0
s,1,1
O,1,0
,1,1
D,1,0
i,1,0
,1,1
,1,0
ԋ,1,1
~,1,0
,1,0
M,1,0
,1,1
N,1,0
K,1,0
,1,0
,1,0
P,1,0
,1,0
,1,0
,1,0
|,1,0
,1,0
d,1,0
C,1,4
o,1,0
,1,0
,1,0
,1,0
p,1,0
,1,0
,1,0
Þ,1,0
,1,0
C,1,0
z,1,1
,1,0
,1,0
L,1,2
`,1,0
,1,1
,1,0
,1,1
[,1,1
,1,0
,1,2
,1,0
,1,0
,1,0
,1,0
},1,0
,1,0
\,1,0
l,1,0
Z,1,0
,1,0
k,1,0
l,1,0
G,1,0
,1,0
t,1,0
X,1,0
֫,1,1
,1,0
,1,0
,1,0
,1,0
U,1,0
D,1,0
s,1,0
o,1,0
l,1,0
,1,0
,1,1
V,1,0
,1,0
Ձ,1,0
,1,0
,1,0
,1,0
g,1,0
,1,0
h,1,0
o,1,0
F,1,0
q,1,1
P,1,0
ƀ,1,1
,1,0
M,1,0
_,1,0
,1,0
,1,0
,1,0
s,1,0
y,1,0
,1,0
J,1,2
,1,0
,1,0
J,1,0
,1,0
a,1,0
Q,1,0
N,1,0
,1,4
,1,1
y,1,0
,1,0
o,1,0
,1,0
ح,1,0
,1,0
,1,0
,1,0
T,1,0
d,1,0
,1,1
K,1,0
,1,0
,1,0
^,1,0
,1,2
o,1,4
,1,0
,1,0
,1,0
,1,0
O,1,0
,1,0
,1,0
,1,0
,1,0
B,1,0
,1,0
,1,0
S,1,0
n,1,0
X,1,0
,1,0
,1,0
,1,1
,1,0
f,1,0
,1,1
k,1,0
c,1,0
,1,0
~,1,0
,1,1
,1,0
,1,0
,1,2
,1,0
,1,0
ɋ,1,0
,1,1
,1,0
,1,0
L,1,0
,1,0
o,1,0
,1,0
,1,1
,1,3
,1,0
h,1,0
@,1,1
S,1,0
M,1,0
,1,0
,1,0
,1,0
,1,0
̪,1,2
,1,0
,1,0
,1,0
B,1,0
B,1,0
y,1,0
,1,0
m,1,2
g,1,1
,1,0
,1,0
N,1,1
m,1,0
,1,0
,1,0
T,1,0
,1,0
Ƃ,1,0
S,1,0
v,1,1
{,1,0
,1,5
,1,0
W,1,0
ذ,1,0
,1,0
,1,0
j,1,0
,1,1
,1,0
,1,0
{,1,0
ߊ,1,0
u,1,0
,1,0
I,1,0
ќ,1,0
,1,0
,1,0
g,1,1
i,1,1
ǉ,1,0
v,1,0
g,1,0
,1,0
,1,0
r,1,1
C,1,0
},1,0
a,1,0
,1,1
,1,1
B,1,0
p,1,2
ީ,1,1
K,1,0
e,1,0
,1,10
,1,1
f,1,0
~,1,0
V,1,0
t,1,0
,1,0
,1,1
I,1,0
ش,1,0
b,1,0
,1,2
,1,0
B,1,0
{,1,0
ߛ,1,0
,1,0
,1,1
,1,0
,1,0
@,1,0
,1,0
,1,1
e,1,0
P,1,0
,1,0
Ȋ,1,0
,1,0
M,1,0
O,1,1
S,1,1
ر,1,1
,1,0
,1,0
,1,1
,1,0
U,1,0
,1,0
,1,0
,1,0
,1,1
j,1,0
v,1,0
,1,0
,1,0
ˊ,1,0
,1,0
,1,0
,1,0
R,1,0
,1,0
,1,1
a,1,2
Z,1,1
l,1,0
,1,1
a,1,0
u,1,0
n,1,1
,1,0
O,1,0
,1,0
j,1,1
Q,1,0
~,1,0
,1,0
,1,0
o,1,0
B,1,0
,1,0
O,1,2
,1,0
f,1,0
,1,0
,1,0
j,1,0
,1,1
,1,0
,1,0
,1,0
,1,0
,1,0
W,1,0
,1,0
,1,0
,1,0
,1,2
Q,1,0
,1,0
,1,0
,1,0
,0,2
t,0,2
,0,1
A,0,1
,0,1
,0,1
z,0,3
Պ,0,1
,0,1
,0,2
G,0,1
E,0,1
,0,1
,0,1
,0,3
,0,3
b,0,8
,0,1
,0,3
Ʉ,0,3
,0,1
g,0,1
M,0,2
,0,2
e,0,1
,0,1
j,0,1
M,0,4
,0,1
z,0,3
~,0,1
,0,1
,0,1
ȳ,0,1
],0,1
,0,2
ܺ,0,3
N,0,1
y,0,1
,0,1
ʛ,0,2
,0,1
,0,1
\,0,1
T,0,2
,0,1
,0,1
,0,2
,0,1
,0,1
,0,1
c,0,1
,0,2
,0,1
,0,1
,0,1
e,0,1
Ə,0,6
ݳ,0,1
,0,1
a,0,2
,0,1
,0,1
\,0,1
,0,2
,0,4
,0,1
,0,1
],0,1
ȋ,0,2
Ƅ,0,1
`,0,1
Z,0,1
k,0,2
,0,1
ɔ,0,1
U,0,2
L,0,1
,0,3
I,0,6
,0,2
,0,2
ƌ,0,1
~,0,1
,0,1
,0,2
,0,1
W,0,1
,0,1
,0,2
,0,1
,0,2
,0,1
є,0,1
,0,3
,0,1
,0,1
,0,1
ʙ,0,1
g,0,1
H,0,2
,0,2
,0,1
s,0,1
H,0,1
ݲ,0,1
c,0,1
Y,0,1
,0,3
,0,1
l,0,1
ߣ,0,1
I,0,1
,0,1
B,0,2
,0,2
,0,3
,0,2
,0,2
,0,1
,0,2
,0,1
D,0,1
S,0,1
[,0,1
,0,1
٬,0,2
,0,1
_,0,2
,0,2
f,0,1
߲,0,1
,0,1
,0,2
,0,1
,0,1
,0,1
,0,1
o,0,1
ݴ,0,1
,0,1
,0,1
~,0,1
,0,1
a,0,2
U,0,2
K,0,2
,0,1
Q,0,2
,0,1
,0,2
,0,1
b,0,1
,0,1
,0,1
O,0,1
,0,1
,0,1
B,0,2
_,0,2
m,0,1
,0,1
,0,1
,0,1
غ,0,1
,0,1
},0,1
,0,6
,0,1
,0,1
N,0,1
,0,1
޳,0,2
,0,1
m,0,1
,0,1
,0,1
H,0,1
\,0,2
_,0,1
,0,4
,0,3
,0,1
Ȕ,0,1
,0,1
,0,2
,0,1
,0,3
,0,1
,0,1
r,0,1
,0,1
Y,0,1
,0,3
,0,1
,0,1
,0,2
,0,1
,0,1
\,0,1
Z,0,1
},0,1
,0,1
|,0,1
L,0,1
i,0,1
˗,0,1
,0,1
m,0,1
,0,1
,0,1
,0,1
ʜ,0,1
t,0,1
,0,1
,0,1
M,0,4
ڶ,0,2
,0,1
,0,1
Q,0,1
k,0,1
N,0,1
,0,5
},0,1
W,0,1
s,0,2
{,0,1
,0,1
,0,1
v,0,1
,0,1
q,0,1
ޫ,0,1
,0,1
O,0,3
,0,1
W,0,1
p,0,1
,0,1
t,0,1
n,0,1
,0,1
,0,1
ܪ,0,1
,0,3
,0,2
,0,1
_,0,1
,0,1
,0,1
,0,1
,0,1
,0,1
,0,1
,0,2
,0,1
,0,2
,0,1
,0,2
Y,0,1
y,0,3
B,0,5
,0,1
y,0,1
A,0,1
ƍ,0,3
m,0,3
,0,1
ԇ,0,1
,0,3
,0,1
^,0,1
,0,1
ؽ,0,1
,0,1
,0,1
,0,1
r,0,1
ۥ,0,1
,0,1
ʂ,0,1
,0,1
,0,1
M,0,2
,0,1
,0,1
,0,1
,0,1
,0,2
N,0,3
ަ,0,3
},0,1
,0,2
v,0,1
,0,1
,0,1
`,0,3
,0,1
[,0,1
ȟ,0,1
,0,1
f,0,1
,0,1
,0,1
,0,1
_,0,2
^,0,1
,0,1
k,0,2
,0,1
,0,1
,0,2
J,0,2
,0,1
,0,2
V,0,9
G,0,2
,0,1
,0,1
,0,1
,0,2
,0,1
,0,3
,0,1
q,0,1
,0,1
p,0,1
ژ,0,1
,0,1
,0,1
,0,1
A,0,1
,0,1
,0,1
,0,1
x,0,1
c,0,1
,0,1
,0,2
,0,1
x,0,1
,0,2
,0,1
T,0,1
,0,1
E,0,1
,0,1
۲,0,1
,0,1
I,0,2
n,0,1
,0,1
\,0,1
,0,1
,0,1
M,0,1
r,0,1
,0,1
,0,1
o,0,1
,0,1
,0,1
H,0,1
,0,1
,0,1
V,0,1
,0,1
w,0,1
k,0,1
,0,1
,0,2
,0,2
h,0,1
Y,0,2
,0,1
g,0,2
,0,2
j,0,1
,0,1
,0,1
,0,1
,0,1
,0,1
,0,1
T,0,1
,0,1
,0,1
[,0,2
G,0,1
݌,0,1
e,0,2
],0,2
,0,2
,0,1
\,0,2
,0,1
,0,1
,0,1
K,0,1
,0,1
,0,2
A,0,1
,0,1
,0,1
d,0,1
,0,1
,0,1
P,0,2
,0,2
,0,1
^,0,1
,0,3
T,0,1
T,0,1
T,0,1
x,0,2
,0,2
,0,1
,0,2
,0,1
o,0,1
e,0,1
h,0,1
,0,4
,0,1
,0,1
H,0,2
,0,2
,0,3
,0,1
w,0,2
l,0,1
S,0,2
,0,3
S,0,1
,0,2
e,0,1
,0,1
,0,2
],0,1
,0,1
,0,1
f,0,1
,0,8
,0,1
,0,2
ԃ,0,1
ڒ,0,1
`,0,1
x,0,4
,0,2
,0,1
d,0,2
ڻ,0,1
b,0,2
t,0,1
D,0,1
,0,1
,0,1
},0,4
,0,1
,0,1
,0,1
,0,1
,0,1
,0,1
,0,1
ތ,0,1
,0,1
},0,1
,0,2
w,0,2
q,0,1
y,0,1
,0,1
Ї,0,1
f,0,1
,0,1
[,0,1
,0,1
n,0,1
,0,5
@,0,1
,0,1
w,0,1
,0,1
r,0,1
Ԟ,0,1
w,0,1
,0,1
L,0,1
,0,1
c,0,1
O,0,2
,0,2
P,0,1
,0,3
,0,1
@,0,1
,0,3
,0,5
|,0,1
,0,1
~,0,1
,0,1
W,0,1
,0,1
,0,1
M,0,1
,0,4
N,0,1
,0,1
x,0,1
,0,1
^,0,1
m,0,1
,0,1
,0,1
,0,2
n,0,1
,0,1
ݫ,0,1
n,0,1
z,0,2
g,0,1
D,0,1
J,0,1
,0,1
@,0,2
_,0,1
,0,1
m,0,1
H,0,1
T,0,1
,0,1
,0,1
,0,1
,0,1
l,0,1
q,0,1
^,0,1
,0,2
,0,1
U,0,1
Ǚ,0,1
v,0,1
܋,0,1
,0,1
,0,1
,0,1
,0,1
B,0,1
,0,1
,0,1
,0,1
Q,0,3
,0,3
,0,2
l,0,1
ʚ,0,1
,0,1
,0,1
,0,1
,0,1
,0,3
A,0,1
I,0,4
\,0,1
,0,1
O,0,1
O,0,1
,0,1
l,0,1
,0,1
G,0,1
,0,1
,0,1
,0,3
߬,0,1
,0,1
r,0,1
m,0,1
Չ,0,1
,0,1
},0,2
,0,1
ё,0,1
,0,1
,0,2
,0,1
@,0,3
,0,2
l,0,1
,0,2
,0,1
,0,6
u,0,1
À,0,2
,0,1
,0,1
W,0,2
,0,2
|,0,1
,0,1
s,0,1
,0,1
,0,1
j,0,1
m,0,1
\,0,1
S,0,2
,0,1
],0,1
F,0,1
,0,1
X,0,6
,0,1
,0,1
j,0,1
n,0,1
z,0,1
,0,1
E,0,1
,0,1
,0,1
ؖ,0,1
N,0,1
,0,1
,0,2
,0,1
M,0,1
,0,1
,0,2
,0,1
Q,0,1
B,0,1
,0,2
,0,1
,0,2
,0,3
,0,4
,0,1
Й,0,2
,0,1
,0,1
,0,2
,0,2
,0,1
,0,1
,0,1
,0,1
,0,1
ކ,0,1
,0,1
,0,1
e,0,1
,0,1
|,0,1
,0,1
K,0,1
g,0,1
k,0,1
,0,1
F,0,1
B,0,2
,0,1
w,0,1
,0,1
S,0,1
Ջ,0,1
,0,4
i,0,2
,0,1
,0,1
,0,3
B,0,2
,0,1
ш,0,2
,0,1
E,0,1
,0,1
,0,1
p,0,1
V,0,1
,0,1
^,0,1
p,0,1
,0,1
p,0,1
,0,1
[,0,1
,0,1
d,0,2
,0,1
P,0,1
,0,1
X,0,1
,0,1
,0,1
n,0,2
,0,1
,0,1
L,0,1
y,0,3
,0,2
,0,1
I,0,1
,0,2
Ʀ,0,1
,0,1
,0,1
,0,1
,0,1
,0,1
,0,1
,0,3
u,0,1
W,0,3
,0,1
,0,1
,0,1
Q,0,2
O,0,1
,0,1
,0,1
,0,1
,0,1
,0,1
,0,1
,0,1
K,0,3
,0,1
,0,2
,0,2
,0,1
],0,1
,0,1
,0,2
ׇ,0,1
,0,1
,0,1
,0,1
`,0,3
,0,1
,0,1
~,0,1
,0,1
,0,1
,0,2
b,0,1
,0,1
i,0,1
B,0,1
,0,1
ɚ,0,1
,0,2
m,0,2
,0,1
,0,3
,0,1
,0,3
,0,1
,0,2
d,0,1
q,0,1
,0,1
,0,1
u,0,1
,0,2
,0,1
N,0,1
,0,2
i,0,1
S,0,2
z,0,1
@,0,1
